geo_level,geo_code,name,parent_code
county,63000,臺北市,
county,66000,臺中市,
county,10017,基隆市,
county,67000,臺南市,
county,64000,高雄市,
county,65000,新北市,
county,10002,宜蘭縣,
county,68000,桃園市,
county,10020,嘉義市,
county,10004,新竹縣,
county,10005,苗栗縣,
county,10008,南投縣,
county,10007,彰化縣,
county,10018,新竹市,
county,10009,雲林縣,
county,10010,嘉義縣,
county,10013,屏東縣,
county,10015,花蓮縣,
county,10014,臺東縣,
county,09020,金門縣,
county,10016,澎湖縣,
county,09007,連江縣,
township,6300001,松山區,63000
township,6300003,大安區,63000
township,6300005,中正區,63000
township,6300007,萬華區,63000
township,6300006,大同區,63000
township,6300004,中山區,63000
township,6300008,文山區,63000
township,6300009,南港區,63000
township,6300010,內湖區,63000
township,6300011,士林區,63000
township,6300012,北投區,63000
township,6300002,信義區,63000
township,6600001,中區,66000
township,6600002,東區,66000
township,6600003,南區,66000
township,6600004,西區,66000
township,6600005,北區,66000
township,6600006,西屯區,66000
township,6600007,南屯區,66000
township,6600008,北屯區,66000
township,6600009,豐原區,66000
township,6600010,東勢區,66000
township,6600011,大甲區,66000
township,6600012,清水區,66000
township,6600013,沙鹿區,66000
township,6600014,梧棲區,66000
township,6600015,后里區,66000
township,6600016,神岡區,66000
township,6600017,潭子區,66000
township,6600018,大雅區,66000
township,6600019,新社區,66000
township,6600020,石岡區,66000
township,6600021,外埔區,66000
township,6600022,大安區,66000
township,6600023,烏日區,66000
township,6600024,大肚區,66000
township,6600025,龍井區,66000
township,6600026,霧峰區,66000
township,6600027,太平區,66000
township,6600028,大里區,66000
township,6600029,和平區,66000
township,1001701,中正區,10017
township,1001702,七堵區,10017
township,1001703,暖暖區,10017
township,1001704,仁愛區,10017
township,1001705,中山區,10017
township,1001706,安樂區,10017
township,1001707,信義區,10017
township,6700032,東區,67000
township,6700033,南區,67000
township,6700034,北區,67000
township,6700035,安南區,67000
township,6700036,安平區,67000
township,6700037,中西區,67000
township,6700001,新營區,67000
township,6700002,鹽水區,67000
township,6700004,柳營區,67000
township,6700003,白河區,67000
township,6700005,後壁區,67000
township,6700006,東山區,67000
township,6700007,麻豆區,67000
township,6700008,下營區,67000
township,6700009,六甲區,67000
township,6700010,官田區,67000
township,6700011,大內區,67000
township,6700012,佳里區,67000
township,6700014,西港區,67000
township,6700015,七股區,67000
township,6700016,將軍區,67000
township,6700017,北門區,67000
township,6700013,學甲區,67000
township,6700018,新化區,67000
township,6700019,善化區,67000
township,6700020,新市區,67000
township,6700021,安定區,67000
township,6700022,山上區,67000
township,6700026,左鎮區,67000
township,6700027,仁德區,67000
township,6700028,歸仁區,67000
township,6700029,關廟區,67000
township,6700030,龍崎區,67000
township,6700023,玉井區,67000
township,6700024,楠西區,67000
township,6700025,南化區,67000
township,6700031,永康區,67000
township,6400001,鹽埕區,64000
township,6400002,鼓山區,64000
township,6400003,左營區,64000
township,6400004,楠梓區,64000
township,6400005,三民區,64000
township,6400006,新興區,64000
township,6400007,前金區,64000
township,6400008,苓雅區,64000
township,6400009,前鎮區,64000
township,6400010,旗津區,64000
township,6400011,小港區,64000
township,6400012,鳳山區,64000
township,6400013,林園區,64000
township,6400014,大寮區,64000
township,6400015,大樹區,64000
township,6400016,大社區,64000
township,6400017,仁武區,64000
township,6400018,鳥松區,64000
township,6400019,岡山區,64000
township,6400020,橋頭區,64000
township,6400021,燕巢區,64000
township,6400022,田寮區,64000
township,6400023,阿蓮區,64000
township,6400024,路竹區,64000
township,6400025,湖內區,64000
township,6400026,茄萣區,64000
township,6400027,永安區,64000
township,6400028,彌陀區,64000
township,6400029,梓官區,64000
township,6400030,旗山區,64000
township,6400031,美濃區,64000
township,6400032,六龜區,64000
township,6400033,甲仙區,64000
township,6400034,杉林區,64000
township,6400035,內門區,64000
township,6400036,茂林區,64000
township,6400037,桃源區,64000
township,6400038,那瑪夏區,64000
township,6500005,新莊區,65000
township,6500017,林口區,65000
township,6500015,五股區,65000
township,6500014,蘆洲區,65000
township,6500002,三重區,65000
township,6500016,泰山區,65000
township,6500006,新店區,65000
township,6500019,石碇區,65000
township,6500018,深坑區,65000
township,6500020,坪林區,65000
township,6500029,烏來區,65000
township,6500001,板橋區,65000
township,6500009,三峽區,65000
township,6500008,鶯歌區,65000
township,6500007,樹林區,65000
township,6500003,中和區,65000
township,6500013,土城區,65000
township,6500012,瑞芳區,65000
township,6500024,平溪區,65000
township,6500025,雙溪區,65000
township,6500026,貢寮區,65000
township,6500027,金山區,65000
township,6500028,萬里區,65000
township,6500010,淡水區,65000
township,6500011,汐止區,65000
township,6500021,三芝區,65000
township,6500022,石門區,65000
township,6500023,八里區,65000
township,6500004,永和區,65000
township,1000201,宜蘭市,10002
township,1000204,頭城鎮,10002
township,1000205,礁溪鄉,10002
township,1000206,壯圍鄉,10002
township,1000207,員山鄉,10002
township,1000202,羅東鎮,10002
township,1000209,五結鄉,10002
township,1000208,冬山鄉,10002
township,1000203,蘇澳鎮,10002
township,1000210,三星鄉,10002
township,1000211,大同鄉,10002
township,1000212,南澳鄉,10002
township,6800001,桃園區,68000
township,6800003,大溪區,68000
township,6800002,中壢區,68000
township,6800004,楊梅區,68000
township,6800005,蘆竹區,68000
township,6800006,大園區,68000
township,6800007,龜山區,68000
township,6800008,八德區,68000
township,6800009,龍潭區,68000
township,6800010,平鎮區,68000
township,6800011,新屋區,68000
township,6800012,觀音區,68000
township,6800013,復興區,68000
township,1002001,嘉義市,10020
township,1000402,竹東鎮,10004
township,1000404,關西鎮,10004
township,1000403,新埔鎮,10004
township,1000401,竹北市,10004
township,1000405,湖口鄉,10004
township,1000408,橫山鄉,10004
township,1000406,新豐鄉,10004
township,1000407,芎林鄉,10004
township,1000410,寶山鄉,10004
township,1000409,北埔鄉,10004
township,1000411,峨眉鄉,10004
township,1000412,尖石鄉,10004
township,1000413,五峰鄉,10004
township,1000501,苗栗市,10005
township,1000502,苑裡鎮,10005
township,1000503,通霄鎮,10005
township,1000509,公館鄉,10005
township,1000510,銅鑼鄉,10005
township,1000513,三義鄉,10005
township,1000514,西湖鄉,10005
township,1000512,頭屋鄉,10005
township,1000504,竹南鎮,10005
township,1000505,頭份市,10005
township,1000515,造橋鄉,10005
township,1000506,後龍鎮,10005
township,1000516,三灣鄉,10005
township,1000511,南庄鄉,10005
township,1000508,大湖鄉,10005
township,1000507,卓蘭鎮,10005
township,1000517,獅潭鄉,10005
township,1000518,泰安鄉,10005
township,1000801,南投市,10008
township,1000802,埔里鎮,10008
township,1000803,草屯鎮,10008
township,1000804,竹山鎮,10008
township,1000805,集集鎮,10008
township,1000806,名間鄉,10008
township,1000807,鹿谷鄉,10008
township,1000808,中寮鄉,10008
township,1000809,魚池鄉,10008
township,1000810,國姓鄉,10008
township,1000811,水里鄉,10008
township,1000812,信義鄉,10008
township,1000813,仁愛鄉,10008
township,1000701,彰化市,10007
township,1000702,鹿港鎮,10007
township,1000703,和美鎮,10007
township,1000719,北斗鎮,10007
township,1000710,員林市,10007
township,1000711,溪湖鎮,10007
township,1000712,田中鎮,10007
township,1000720,二林鎮,10007
township,1000704,線西鄉,10007
township,1000705,伸港鄉,10007
township,1000706,福興鄉,10007
township,1000707,秀水鄉,10007
township,1000708,花壇鄉,10007
township,1000709,芬園鄉,10007
township,1000713,大村鄉,10007
township,1000714,埔鹽鄉,10007
township,1000715,埔心鄉,10007
township,1000716,永靖鄉,10007
township,1000717,社頭鄉,10007
township,1000718,二水鄉,10007
township,1000721,田尾鄉,10007
township,1000722,埤頭鄉,10007
township,1000723,芳苑鄉,10007
township,1000724,大城鄉,10007
township,1000725,竹塘鄉,10007
township,1000726,溪州鄉,10007
township,1001801,新竹市,10018
township,1000901,斗六市,10009
township,1000902,斗南鎮,10009
township,1000903,虎尾鎮,10009
township,1000904,西螺鎮,10009
township,1000905,土庫鎮,10009
township,1000906,北港鎮,10009
township,1000907,古坑鄉,10009
township,1000908,大埤鄉,10009
township,1000909,莿桐鄉,10009
township,1000910,林內鄉,10009
township,1000911,二崙鄉,10009
township,1000912,崙背鄉,10009
township,1000913,麥寮鄉,10009
township,1000914,東勢鄉,10009
township,1000915,褒忠鄉,10009
township,1000916,臺西鄉,10009
township,1000917,元長鄉,10009
township,1000918,四湖鄉,10009
township,1000919,口湖鄉,10009
township,1000920,水林鄉,10009
township,1001002,朴子市,10010
township,1001003,布袋鎮,10010
township,1001004,大林鎮,10010
township,1001005,民雄鄉,10010
township,1001006,溪口鄉,10010
township,1001007,新港鄉,10010
township,1001008,六腳鄉,10010
township,1001009,東石鄉,10010
township,1001010,義竹鄉,10010
township,1001011,鹿草鄉,10010
township,1001001,太保市,10010
township,1001012,水上鄉,10010
township,1001013,中埔鄉,10010
township,1001014,竹崎鄉,10010
township,1001015,梅山鄉,10010
township,1001016,番路鄉,10010
township,1001017,大埔鄉,10010
township,1001018,阿里山鄉,10010
township,1001301,屏東市,10013
township,1001302,潮州鎮,10013
township,1001303,東港鎮,10013
township,1001304,恆春鎮,10013
township,1001305,萬丹鄉,10013
township,1001306,長治鄉,10013
township,1001307,麟洛鄉,10013
township,1001308,九如鄉,10013
township,1001309,里港鄉,10013
township,1001310,鹽埔鄉,10013
township,1001311,高樹鄉,10013
township,1001312,萬巒鄉,10013
township,1001313,內埔鄉,10013
township,1001314,竹田鄉,10013
township,1001315,新埤鄉,10013
township,1001316,枋寮鄉,10013
township,1001317,新園鄉,10013
township,1001318,崁頂鄉,10013
township,1001319,林邊鄉,10013
township,1001320,南州鄉,10013
township,1001321,佳冬鄉,10013
township,1001322,琉球鄉,10013
township,1001323,車城鄉,10013
township,1001324,滿州鄉,10013
township,1001325,枋山鄉,10013
township,1001326,三地門鄉,10013
township,1001327,霧臺鄉,10013
township,1001328,瑪家鄉,10013
township,1001329,泰武鄉,10013
township,1001330,來義鄉,10013
township,1001331,春日鄉,10013
township,1001332,獅子鄉,10013
township,1001333,牡丹鄉,10013
township,1001501,花蓮市,10015
township,1001507,光復鄉,10015
township,1001503,玉里鎮,10015
township,1001504,新城鄉,10015
township,1001505,吉安鄉,10015
township,1001506,壽豐鄉,10015
township,1001502,鳳林鎮,10015
township,1001508,豐濱鄉,10015
township,1001509,瑞穗鄉,10015
township,1001510,富里鄉,10015
township,1001511,秀林鄉,10015
township,1001512,萬榮鄉,10015
township,1001513,卓溪鄉,10015
township,1001401,臺東市,10014
township,1001402,成功鎮,10014
township,1001403,關山鎮,10014
township,1001404,卑南鄉,10014
township,1001410,大武鄉,10014
township,1001409,太麻里鄉,10014
township,1001407,東河鄉,10014
township,1001408,長濱鄉,10014
township,1001405,鹿野鄉,10014
township,1001406,池上鄉,10014
township,1001411,綠島鄉,10014
township,1001413,延平鄉,10014
township,1001412,海端鄉,10014
township,1001415,達仁鄉,10014
township,1001414,金峰鄉,10014
township,1001416,蘭嶼鄉,10014
township,0902003,金湖鎮,09020
township,0902002,金沙鎮,09020
township,0902001,金城鎮,09020
township,0902004,金寧鄉,09020
township,0902005,烈嶼鄉,09020
township,0902006,烏坵鄉,09020
township,1001601,馬公市,10016
township,1001602,湖西鄉,10016
township,1001603,白沙鄉,10016
township,1001604,西嶼鄉,10016
township,1001605,望安鄉,10016
township,1001606,七美鄉,10016
township,0900701,南竿鄉,09007
township,0900702,北竿鄉,09007
township,0900703,莒光鄉,09007
township,0900704,東引鄉,09007
village,63000010002,莊敬里,6300001
village,63000010003,東榮里,6300001
village,63000010004,三民里,6300001
village,63000010005,新益里,6300001
village,63000010006,富錦里,6300001
village,63000010007,新東里,6300001
village,63000010008,富泰里,6300001
village,63000010009,介壽里,6300001
village,63000010010,精忠里,6300001
village,63000010011,東光里,6300001
village,63000010012,龍田里,6300001
village,63000010013,東昌里,6300001
village,63000010014,東勢里,6300001
village,63000010015,中華里,6300001
village,63000010016,民有里,6300001
village,63000010017,民福里,6300001
village,63000010018,慈祐里,6300001
village,63000010019,安平里,6300001
village,63000010020,鵬程里,6300001
village,63000010021,自強里,6300001
village,63000010022,吉祥里,6300001
village,63000010024,新聚里,6300001
village,63000010025,復盛里,6300001
village,63000010026,中正里,6300001
village,63000010027,中崙里,6300001
village,63000010028,美仁里,6300001
village,63000010029,吉仁里,6300001
village,63000010030,敦化里,6300001
village,63000010031,復源里,6300001
village,63000010032,復建里,6300001
village,63000010033,復勢里,6300001
village,63000010034,福成里,6300001
village,63000010035,松基里,6300001
village,63000030001,德安里,6300003
village,63000030002,仁慈里,6300003
village,63000030003,和安里,6300003
village,63000030004,民炤里,6300003
village,63000030005,仁愛里,6300003
village,63000030006,義村里,6300003
village,63000030007,民輝里,6300003
village,63000030008,昌隆里,6300003
village,63000030009,誠安里,6300003
village,63000030010,光武里,6300003
village,63000030011,龍坡里,6300003
village,63000030012,龍泉里,6300003
village,63000030013,古風里,6300003
village,63000030014,古莊里,6300003
village,63000030015,龍安里,6300003
village,63000030016,錦安里,6300003
village,63000030017,福住里,6300003
village,63000030018,永康里,6300003
village,63000030019,光明里,6300003
village,63000030020,錦泰里,6300003
village,63000030021,錦華里,6300003
village,63000030022,龍圖里,6300003
village,63000030023,新龍里,6300003
village,63000030026,龍陣里,6300003
village,63000030027,龍雲里,6300003
village,63000030028,龍生里,6300003
village,63000030029,住安里,6300003
village,63000030030,義安里,6300003
village,63000030031,通化里,6300003
village,63000030032,通安里,6300003
village,63000030033,臨江里,6300003
village,63000030034,法治里,6300003
village,63000030035,全安里,6300003
village,63000030036,群賢里,6300003
village,63000030037,群英里,6300003
village,63000030038,虎嘯里,6300003
village,63000030039,臥龍里,6300003
village,63000030040,龍淵里,6300003
village,63000030041,龍門里,6300003
village,63000030043,大學里,6300003
village,63000030044,芳和里,6300003
village,63000030046,黎元里,6300003
village,63000030047,黎孝里,6300003
village,63000030048,黎和里,6300003
village,63000030049,建安里,6300003
village,63000030050,建倫里,6300003
village,63000030051,敦安里,6300003
village,63000030052,正聲里,6300003
village,63000030053,敦煌里,6300003
village,63000030054,華聲里,6300003
village,63000030055,車層里,6300003
village,63000030056,光信里,6300003
village,63000030057,學府里,6300003
village,63000050001,水源里,6300005
village,63000050002,富水里,6300005
village,63000050003,文盛里,6300005
village,63000050004,林興里,6300005
village,63000050005,河堤里,6300005
village,63000050006,頂東里,6300005
village,63000050007,網溪里,6300005
village,63000050008,板溪里,6300005
village,63000050009,螢圃里,6300005
village,63000050010,螢雪里,6300005
village,63000050011,永功里,6300005
village,63000050012,永昌里,6300005
village,63000050013,龍興里,6300005
village,63000050014,忠勤里,6300005
village,63000050015,廈安里,6300005
village,63000050016,愛國里,6300005
village,63000050017,南門里,6300005
village,63000050018,龍光里,6300005
village,63000050019,南福里,6300005
village,63000050020,龍福里,6300005
village,63000050021,新營里,6300005
village,63000050022,建國里,6300005
village,63000050023,光復里,6300005
village,63000050024,黎明里,6300005
village,63000050025,梅花里,6300005
village,63000050026,幸福里,6300005
village,63000050027,幸市里,6300005
village,63000050028,東門里,6300005
village,63000050029,文北里,6300005
village,63000050030,文祥里,6300005
village,63000050031,三愛里,6300005
village,63000070001,福星里,6300007
village,63000070002,萬壽里,6300007
village,63000070003,西門里,6300007
village,63000070004,新起里,6300007
village,63000070005,菜園里,6300007
village,63000070006,青山里,6300007
village,63000070007,富民里,6300007
village,63000070008,福音里,6300007
village,63000070009,仁德里,6300007
village,63000070010,富福里,6300007
village,63000070011,頂碩里,6300007
village,63000070012,雙園里,6300007
village,63000070013,新忠里,6300007
village,63000070014,新和里,6300007
village,63000070015,糖廍里,6300007
village,63000070016,和平里,6300007
village,63000070017,綠堤里,6300007
village,63000070018,華江里,6300007
village,63000070019,柳鄉里,6300007
village,63000070020,日善里,6300007
village,63000070021,新安里,6300007
village,63000070022,忠德里,6300007
village,63000070023,孝德里,6300007
village,63000070024,和德里,6300007
village,63000070025,錦德里,6300007
village,63000070026,全德里,6300007
village,63000070027,保德里,6300007
village,63000070028,銘德里,6300007
village,63000070029,榮德里,6300007
village,63000070030,壽德里,6300007
village,63000070031,興德里,6300007
village,63000070032,華中里,6300007
village,63000070033,日祥里,6300007
village,63000070034,忠貞里,6300007
village,63000070035,凌霄里,6300007
village,63000070036,騰雲里,6300007
village,63000060001,玉泉里,6300006
village,63000060002,建明里,6300006
village,63000060003,建功里,6300006
village,63000060004,建泰里,6300006
village,63000060005,永樂里,6300006
village,63000060006,朝陽里,6300006
village,63000060007,星明里,6300006
village,63000060008,光能里,6300006
village,63000060009,大有里,6300006
village,63000060010,延平里,6300006
village,63000060011,雙連里,6300006
village,63000060012,南芳里,6300006
village,63000060013,民權里,6300006
village,63000060014,景星里,6300006
village,63000060015,隆和里,6300006
village,63000060016,蓬萊里,6300006
village,63000060017,國順里,6300006
village,63000060018,國慶里,6300006
village,63000060019,揚雅里,6300006
village,63000060020,斯文里,6300006
village,63000060021,鄰江里,6300006
village,63000060022,至聖里,6300006
village,63000060024,老師里,6300006
village,63000060025,重慶里,6300006
village,63000060026,保安里,6300006
village,63000040001,正守里,6300004
village,63000040002,正義里,6300004
village,63000040003,正得里,6300004
village,63000040004,民安里,6300004
village,63000040005,康樂里,6300004
village,63000040006,中山里,6300004
village,63000040007,聚盛里,6300004
village,63000040008,集英里,6300004
village,63000040009,聚葉里,6300004
village,63000040010,恆安里,6300004
village,63000040011,晴光里,6300004
village,63000040012,圓山里,6300004
village,63000040013,劍潭里,6300004
village,63000040014,大直里,6300004
village,63000040015,成功里,6300004
village,63000040016,永安里,6300004
village,63000040017,大佳里,6300004
village,63000040018,新喜里,6300004
village,63000040019,新庄里,6300004
village,63000040020,新福里,6300004
village,63000040021,松江里,6300004
village,63000040022,新生里,6300004
village,63000040023,中庄里,6300004
village,63000040024,行政里,6300004
village,63000040025,行仁里,6300004
village,63000040026,行孝里,6300004
village,63000040027,下埤里,6300004
village,63000040028,江寧里,6300004
village,63000040029,江山里,6300004
village,63000040030,中吉里,6300004
village,63000040031,中原里,6300004
village,63000040032,興亞里,6300004
village,63000040033,中央里,6300004
village,63000040034,朱馥里,6300004
village,63000040035,龍洲里,6300004
village,63000040036,朱園里,6300004
village,63000040037,埤頭里,6300004
village,63000040038,朱崙里,6300004
village,63000040039,力行里,6300004
village,63000040040,復華里,6300004
village,63000040041,金泰里,6300004
village,63000040042,北安里,6300004
village,63000080001,景行里,6300008
village,63000080002,景東里,6300008
village,63000080003,景美里,6300008
village,63000080004,景慶里,6300008
village,63000080005,景仁里,6300008
village,63000080006,景華里,6300008
village,63000080007,萬有里,6300008
village,63000080008,萬祥里,6300008
village,63000080009,萬隆里,6300008
village,63000080010,萬年里,6300008
village,63000080011,萬和里,6300008
village,63000080012,萬盛里,6300008
village,63000080013,興豐里,6300008
village,63000080014,興光里,6300008
village,63000080015,興家里,6300008
village,63000080016,興得里,6300008
village,63000080017,興業里,6300008
village,63000080018,興安里,6300008
village,63000080019,興福里,6300008
village,63000080020,興旺里,6300008
village,63000080021,興泰里,6300008
village,63000080022,興昌里,6300008
village,63000080023,試院里,6300008
village,63000080024,華興里,6300008
village,63000080025,明義里,6300008
village,63000080026,明興里,6300008
village,63000080027,木柵里,6300008
village,63000080028,木新里,6300008
village,63000080029,順興里,6300008
village,63000080030,樟林里,6300008
village,63000080031,樟新里,6300008
village,63000080032,樟腳里,6300008
village,63000080033,萬芳里,6300008
village,63000080034,博嘉里,6300008
village,63000080035,萬興里,6300008
village,63000080036,指南里,6300008
village,63000080037,老泉里,6300008
village,63000080038,忠順里,6300008
village,63000080039,萬美里,6300008
village,63000080040,政大里,6300008
village,63000080041,樟文里,6300008
village,63000080042,興邦里,6300008
village,63000080043,樟樹里,6300008
village,63000090001,南港里,6300009
village,63000090002,中南里,6300009
village,63000090003,新富里,6300009
village,63000090004,三重里,6300009
village,63000090005,東新里,6300009
village,63000090006,新光里,6300009
village,63000090007,東明里,6300009
village,63000090008,西新里,6300009
village,63000090009,玉成里,6300009
village,63000090010,合成里,6300009
village,63000090011,成福里,6300009
village,63000090012,萬福里,6300009
village,63000090013,鴻福里,6300009
village,63000090014,百福里,6300009
village,63000090015,聯成里,6300009
village,63000090016,舊莊里,6300009
village,63000090017,中研里,6300009
village,63000090018,九如里,6300009
village,63000090019,仁福里,6300009
village,63000090020,重陽里,6300009
village,63000100001,西湖里,6300010
village,63000100002,西康里,6300010
village,63000100003,西安里,6300010
village,63000100005,港墘里,6300010
village,63000100006,港都里,6300010
village,63000100007,港富里,6300010
village,63000100008,港華里,6300010
village,63000100009,內湖里,6300010
village,63000100010,湖濱里,6300010
village,63000100011,紫星里,6300010
village,63000100012,大湖里,6300010
village,63000100013,金龍里,6300010
village,63000100014,金瑞里,6300010
village,63000100015,碧山里,6300010
village,63000100016,紫雲里,6300010
village,63000100017,清白里,6300010
village,63000100018,葫洲里,6300010
village,63000100019,紫陽里,6300010
village,63000100020,瑞陽里,6300010
village,63000100021,瑞光里,6300010
village,63000100022,五分里,6300010
village,63000100023,東湖里,6300010
village,63000100024,樂康里,6300010
village,63000100025,內溝里,6300010
village,63000100026,週美里,6300010
village,63000100027,行善里,6300010
village,63000100028,石潭里,6300010
village,63000100029,湖興里,6300010
village,63000100030,湖元里,6300010
village,63000100031,安湖里,6300010
village,63000100032,秀湖里,6300010
village,63000100033,安泰里,6300010
village,63000100034,金湖里,6300010
village,63000100035,康寧里,6300010
village,63000100036,明湖里,6300010
village,63000100037,蘆洲里,6300010
village,63000100038,麗山里,6300010
village,63000100039,寶湖里,6300010
village,63000100040,南湖里,6300010
village,63000110001,仁勇里,6300011
village,63000110002,義信里,6300011
village,63000110003,福林里,6300011
village,63000110004,福德里,6300011
village,63000110005,福志里,6300011
village,63000110006,舊佳里,6300011
village,63000110007,福佳里,6300011
village,63000110008,後港里,6300011
village,63000110009,福中里,6300011
village,63000110010,前港里,6300011
village,63000110011,百齡里,6300011
village,63000110012,承德里,6300011
village,63000110013,福華里,6300011
village,63000110014,明勝里,6300011
village,63000110015,福順里,6300011
village,63000110016,富光里,6300011
village,63000110017,葫蘆里,6300011
village,63000110018,葫東里,6300011
village,63000110019,社子里,6300011
village,63000110020,社新里,6300011
village,63000110021,社園里,6300011
village,63000110022,永倫里,6300011
village,63000110023,福安里,6300011
village,63000110024,富洲里,6300011
village,63000110025,岩山里,6300011
village,63000110026,名山里,6300011
village,63000110027,德行里,6300011
village,63000110028,德華里,6300011
village,63000110029,聖山里,6300011
village,63000110030,忠誠里,6300011
village,63000110031,芝山里,6300011
village,63000110032,東山里,6300011
village,63000110033,三玉里,6300011
village,63000110034,蘭雅里,6300011
village,63000110035,蘭興里,6300011
village,63000110036,天福里,6300011
village,63000110037,天祿里,6300011
village,63000110038,天壽里,6300011
village,63000110039,天和里,6300011
village,63000110040,天山里,6300011
village,63000110041,天玉里,6300011
village,63000110042,天母里,6300011
village,63000110043,永福里,6300011
village,63000110044,公館里,6300011
village,63000110045,新安里,6300011
village,63000110046,陽明里,6300011
village,63000110047,菁山里,6300011
village,63000110048,平等里,6300011
village,63000110049,溪山里,6300011
village,63000110050,翠山里,6300011
village,63000110051,臨溪里,6300011
village,63000120001,建民里,6300012
village,63000120002,文林里,6300012
village,63000120003,石牌里,6300012
village,63000120004,福興里,6300012
village,63000120005,榮光里,6300012
village,63000120006,榮華里,6300012
village,63000120007,裕民里,6300012
village,63000120008,振華里,6300012
village,63000120009,永和里,6300012
village,63000120010,永欣里,6300012
village,63000120011,永明里,6300012
village,63000120012,東華里,6300012
village,63000120013,吉利里,6300012
village,63000120014,吉慶里,6300012
village,63000120015,尊賢里,6300012
village,63000120016,立賢里,6300012
village,63000120017,立農里,6300012
village,63000120018,八仙里,6300012
village,63000120019,洲美里,6300012
village,63000120020,奇岩里,6300012
village,63000120021,清江里,6300012
village,63000120022,中央里,6300012
village,63000120023,長安里,6300012
village,63000120024,大同里,6300012
village,63000120025,溫泉里,6300012
village,63000120026,林泉里,6300012
village,63000120027,中心里,6300012
village,63000120028,中庸里,6300012
village,63000120029,開明里,6300012
village,63000120030,中和里,6300012
village,63000120031,智仁里,6300012
village,63000120032,秀山里,6300012
village,63000120033,文化里,6300012
village,63000120034,豐年里,6300012
village,63000120035,稻香里,6300012
village,63000120036,桃源里,6300012
village,63000120037,一德里,6300012
village,63000120038,關渡里,6300012
village,63000120039,泉源里,6300012
village,63000120040,湖山里,6300012
village,63000120041,大屯里,6300012
village,63000120042,湖田里,6300012
village,63000020001,西村里,6300002
village,63000020002,正和里,6300002
village,63000020003,興隆里,6300002
village,63000020004,中興里,6300002
village,63000020005,新仁里,6300002
village,63000020006,興雅里,6300002
village,63000020007,敦厚里,6300002
village,63000020008,廣居里,6300002
village,63000020009,安康里,6300002
village,63000020010,六藝里,6300002
village,63000020011,雅祥里,6300002
village,63000020012,五常里,6300002
village,63000020013,五全里,6300002
village,63000020014,永吉里,6300002
village,63000020015,長春里,6300002
village,63000020016,四育里,6300002
village,63000020017,四維里,6300002
village,63000020018,永春里,6300002
village,63000020019,富台里,6300002
village,63000020020,國業里,6300002
village,63000020021,松隆里,6300002
village,63000020022,松友里,6300002
village,63000020023,松光里,6300002
village,63000020024,中坡里,6300002
village,63000020025,中行里,6300002
village,63000020026,大道里,6300002
village,63000020027,大仁里,6300002
village,63000020028,景新里,6300002
village,63000020029,惠安里,6300002
village,63000020030,三張里,6300002
village,63000020031,三犁里,6300002
village,63000020032,六合里,6300002
village,63000020033,泰和里,6300002
village,63000020034,景聯里,6300002
village,63000020035,景勤里,6300002
village,63000020036,雙和里,6300002
village,63000020037,嘉興里,6300002
village,63000020038,黎順里,6300002
village,63000020039,黎平里,6300002
village,63000020040,黎忠里,6300002
village,63000020041,黎安里,6300002
village,66000010001,繼光里,6600001
village,66000010002,大墩里,6600001
village,66000010003,綠川里,6600001
village,66000010004,公園里,6600001
village,66000010005,光復里,6600001
village,66000010006,柳川里,6600001
village,66000010007,大誠里,6600001
village,66000010008,中華里,6600001
village,66000020001,新庄里,6600002
village,66000020002,振興里,6600002
village,66000020003,東橋里,6600002
village,66000020004,東興里,6600002
village,66000020005,干城里,6600002
village,66000020006,泉源里,6600002
village,66000020007,旱溪里,6600002
village,66000020008,樂成里,6600002
village,66000020009,東門里,6600002
village,66000020010,十甲里,6600002
village,66000020011,東南里,6600002
village,66000020012,東勢里,6600002
village,66000020013,合作里,6600002
village,66000020014,富台里,6600002
village,66000020015,富仁里,6600002
village,66000020016,東信里,6600002
village,66000020017,東英里,6600002
village,66000030001,城隍里,6600003
village,66000030002,國光里,6600003
village,66000030003,南門里,6600003
village,66000030004,德義里,6600003
village,66000030005,積善里,6600003
village,66000030006,江川里,6600003
village,66000030007,新榮里,6600003
village,66000030008,福興里,6600003
village,66000030009,福平里,6600003
village,66000030010,和平里,6600003
village,66000030011,永興里,6600003
village,66000030012,樹義里,6600003
village,66000030013,樹德里,6600003
village,66000030014,西川里,6600003
village,66000030015,長春里,6600003
village,66000030016,長榮里,6600003
village,66000030017,福順里,6600003
village,66000030018,平和里,6600003
village,66000030019,南和里,6600003
village,66000030020,永和里,6600003
village,66000030021,工學里,6600003
village,66000030022,崇倫里,6600003
village,66000040001,民生里,6600004
village,66000040002,利民里,6600004
village,66000040003,三民里,6600004
village,66000040004,東昇里,6600004
village,66000040005,廣民里,6600004
village,66000040006,平和里,6600004
village,66000040007,公民里,6600004
village,66000040008,藍興里,6600004
village,66000040009,公舘里,6600004
village,66000040010,和龍里,6600004
village,66000040011,民龍里,6600004
village,66000040012,後龍里,6600004
village,66000040013,安龍里,6600004
village,66000040014,吉龍里,6600004
village,66000040015,昇平里,6600004
village,66000040016,忠明里,6600004
village,66000040017,公正里,6600004
village,66000040018,土庫里,6600004
village,66000040019,忠誠里,6600004
village,66000040020,公益里,6600004
village,66000040021,中興里,6600004
village,66000040022,公平里,6600004
village,66000040023,公德里,6600004
village,66000040024,双龍里,6600004
village,66000040025,大忠里,6600004
village,66000050001,光大里,6600005
village,66000050002,文莊里,6600005
village,66000050003,五常里,6600005
village,66000050004,新興里,6600005
village,66000050005,新北里,6600005
village,66000050006,樂英里,6600005
village,66000050007,錦村里,6600005
village,66000050008,建成里,6600005
village,66000050009,錦洲里,6600005
village,66000050010,金華里,6600005
village,66000050011,金龍里,6600005
village,66000050012,邱厝里,6600005
village,66000050013,建興里,6600005
village,66000050014,頂厝里,6600005
village,66000050015,賴厝里,6600005
village,66000050016,賴村里,6600005
village,66000050017,育德里,6600005
village,66000050018,淡溝里,6600005
village,66000050019,中達里,6600005
village,66000050020,錦祥里,6600005
village,66000050021,健行里,6600005
village,66000050022,明德里,6600005
village,66000050023,長青里,6600005
village,66000050024,賴明里,6600005
village,66000050025,賴興里,6600005
village,66000050026,中正里,6600005
village,66000050027,六合里,6600005
village,66000050028,大湖里,6600005
village,66000050029,錦平里,6600005
village,66000050030,建德里,6600005
village,66000050031,崇德里,6600005
village,66000050032,賴旺里,6600005
village,66000050033,明新里,6600005
village,66000050034,立人里,6600005
village,66000050035,梅川里,6600005
village,66000050036,賴福里,6600005
village,66000060001,西安里,6600006
village,66000060002,西墩里,6600006
village,66000060003,潮洋里,6600006
village,66000060004,龍潭里,6600006
village,66000060005,惠來里,6600006
village,66000060006,上石里,6600006
village,66000060007,逢甲里,6600006
village,66000060008,鵬程里,6600006
village,66000060009,何安里,6600006
village,66000060010,何厝里,6600006
village,66000060011,大河里,6600006
village,66000060012,大石里,6600006
village,66000060013,大福里,6600006
village,66000060014,大鵬里,6600006
village,66000060015,港尾里,6600006
village,66000060016,廣福里,6600006
village,66000060017,林厝里,6600006
village,66000060018,永安里,6600006
village,66000060019,福安里,6600006
village,66000060020,協和里,6600006
village,66000060021,何仁里,6600006
village,66000060022,何德里,6600006
village,66000060023,何源里,6600006
village,66000060024,西平里,6600006
village,66000060025,何南里,6600006
village,66000060026,至善里,6600006
village,66000060027,上安里,6600006
village,66000060028,上德里,6600006
village,66000060029,逢福里,6600006
village,66000060030,何明里,6600006
village,66000060031,何成里,6600006
village,66000060032,何福里,6600006
village,66000060033,福和里,6600006
village,66000060034,福中里,6600006
village,66000060035,福恩里,6600006
village,66000060036,福聯里,6600006
village,66000060037,福瑞里,6600006
village,66000060038,福林里,6600006
village,66000060039,福雅里,6600006
village,66000070001,南屯里,6600007
village,66000070002,豐樂里,6600007
village,66000070003,楓樹里,6600007
village,66000070004,中和里,6600007
village,66000070005,春社里,6600007
village,66000070006,春安里,6600007
village,66000070007,文山里,6600007
village,66000070008,新生里,6600007
village,66000070009,永定里,6600007
village,66000070010,三厝里,6600007
village,66000070011,溝墘里,6600007
village,66000070012,田心里,6600007
village,66000070013,黎明里,6600007
village,66000070014,鎮平里,6600007
village,66000070015,大同里,6600007
village,66000070016,文心里,6600007
village,66000070017,同心里,6600007
village,66000070018,向心里,6600007
village,66000070019,大誠里,6600007
village,66000070020,大興里,6600007
village,66000070021,大業里,6600007
village,66000070022,惠中里,6600007
village,66000070023,寶山里,6600007
village,66000070024,三和里,6600007
village,66000070025,三義里,6600007
village,66000080001,北興里,6600008
village,66000080002,北屯里,6600008
village,66000080003,三光里,6600008
village,66000080004,平田里,6600008
village,66000080005,平和里,6600008
village,66000080006,東光里,6600008
village,66000080007,舊社里,6600008
village,66000080008,水景里,6600008
village,66000080009,軍功里,6600008
village,66000080010,和平里,6600008
village,66000080011,東山里,6600008
village,66000080012,民政里,6600008
village,66000080013,廍子里,6600008
village,66000080014,大坑里,6600008
village,66000080015,民德里,6600008
village,66000080016,松竹里,6600008
village,66000080017,仁和里,6600008
village,66000080018,仁美里,6600008
village,66000080019,四民里,6600008
village,66000080020,后庄里,6600008
village,66000080021,同榮里,6600008
village,66000080022,仁愛里,6600008
village,66000080023,水湳里,6600008
village,66000080024,陳平里,6600008
village,66000080025,新平里,6600008
village,66000080026,平安里,6600008
village,66000080027,平順里,6600008
village,66000080028,平德里,6600008
village,66000080029,松安里,6600008
village,66000080030,松茂里,6600008
village,66000080031,大德里,6600008
village,66000080032,松強里,6600008
village,66000080033,松勇里,6600008
village,66000080034,北京里,6600008
village,66000080035,平心里,6600008
village,66000080036,平福里,6600008
village,66000080037,松和里,6600008
village,66000080038,平陽里,6600008
village,66000080039,平興里,6600008
village,66000080040,平昌里,6600008
village,66000080041,三和里,6600008
village,66000080042,忠平里,6600008
village,66000090001,豐原里,6600009
village,66000090002,頂街里,6600009
village,66000090003,中山里,6600009
village,66000090004,豐榮里,6600009
village,66000090005,下街里,6600009
village,66000090006,富春里,6600009
village,66000090007,葫蘆里,6600009
village,66000090008,豐西里,6600009
village,66000090009,西安里,6600009
village,66000090010,西勢里,6600009
village,66000090011,東勢里,6600009
village,66000090012,民生里,6600009
village,66000090013,大湳里,6600009
village,66000090014,北湳里,6600009
village,66000090015,東湳里,6600009
village,66000090016,西湳里,6600009
village,66000090017,圳寮里,6600009
village,66000090018,豐圳里,6600009
village,66000090019,社皮里,6600009
village,66000090020,三村里,6600009
village,66000090021,中興里,6600009
village,66000090022,田心里,6600009
village,66000090023,豐田里,6600009
village,66000090024,鎌村里,6600009
village,66000090025,南陽里,6600009
village,66000090026,陽明里,6600009
village,66000090027,北陽里,6600009
village,66000090028,中陽里,6600009
village,66000090029,東陽里,6600009
village,66000090030,南村里,6600009
village,66000090031,南田里,6600009
village,66000090032,南嵩里,6600009
village,66000090033,翁明里,6600009
village,66000090034,翁子里,6600009
village,66000090035,翁社里,6600009
village,66000090036,朴子里,6600009
village,66000100001,北興里,6600010
village,66000100002,中寧里,6600010
village,66000100003,東安里,6600010
village,66000100004,南平里,6600010
village,66000100005,延平里,6600010
village,66000100006,上新里,6600010
village,66000100007,廣興里,6600010
village,66000100008,泰昌里,6600010
village,66000100009,中嵙里,6600010
village,66000100010,福隆里,6600010
village,66000100011,隆興里,6600010
village,66000100012,新盛里,6600010
village,66000100013,詒福里,6600010
village,66000100014,上城里,6600010
village,66000100015,下城里,6600010
village,66000100016,慶東里,6600010
village,66000100017,慶福里,6600010
village,66000100018,東新里,6600010
village,66000100019,粵寧里,6600010
village,66000100020,下新里,6600010
village,66000100021,興隆里,6600010
village,66000100022,茂興里,6600010
village,66000100023,泰興里,6600010
village,66000100024,埤頭里,6600010
village,66000100025,明正里,6600010
village,66000110001,朝陽里,6600011
village,66000110002,大甲里,6600011
village,66000110003,順天里,6600011
village,66000110004,孔門里,6600011
village,66000110005,平安里,6600011
village,66000110006,庄美里,6600011
village,66000110007,新美里,6600011
village,66000110008,岷山里,6600011
village,66000110009,中山里,6600011
village,66000110010,南陽里,6600011
village,66000110011,薰風里,6600011
village,66000110012,義和里,6600011
village,66000110013,武陵里,6600011
village,66000110014,文曲里,6600011
village,66000110015,武曲里,6600011
village,66000110016,文武里,6600011
village,66000110017,奉化里,6600011
village,66000110018,德化里,6600011
village,66000110019,江南里,6600011
village,66000110020,頂店里,6600011
village,66000110021,太白里,6600011
village,66000110022,孟春里,6600011
village,66000110023,幸福里,6600011
village,66000110024,日南里,6600011
village,66000110025,龍泉里,6600011
village,66000110026,西岐里,6600011
village,66000110027,銅安里,6600011
village,66000110028,福德里,6600011
village,66000110029,建興里,6600011
village,66000120001,鰲峰里,6600012
village,66000120002,靈泉里,6600012
village,66000120003,清水里,6600012
village,66000120004,文昌里,6600012
village,66000120005,南寧里,6600012
village,66000120006,西寧里,6600012
village,66000120007,北寧里,6600012
village,66000120008,中興里,6600012
village,66000120009,西社里,6600012
village,66000120010,南社里,6600012
village,66000120011,裕嘉里,6600012
village,66000120012,臨江里,6600012
village,66000120013,秀水里,6600012
village,66000120014,武鹿里,6600012
village,66000120015,海濱里,6600012
village,66000120016,槺榔里,6600012
village,66000120017,中社里,6600012
village,66000120018,高西里,6600012
village,66000120019,高南里,6600012
village,66000120020,高東里,6600012
village,66000120021,高北里,6600012
village,66000120022,高美里,6600012
village,66000120023,國姓里,6600012
village,66000120024,菁埔里,6600012
village,66000120025,頂湳里,6600012
village,66000120026,田寮里,6600012
village,66000120027,橋頭里,6600012
village,66000120028,下湳里,6600012
village,66000120029,東山里,6600012
village,66000120030,楊厝里,6600012
village,66000120031,海風里,6600012
village,66000120032,吳厝里,6600012
village,66000120S01,,6600012
village,66000120S02,,6600012
village,66000120S03,,6600012
village,66000130001,居仁里,6600013
village,66000130002,洛泉里,6600013
village,66000130003,沙鹿里,6600013
village,66000130004,美仁里,6600013
village,66000130005,興仁里,6600013
village,66000130006,斗抵里,6600013
village,66000130007,鹿峰里,6600013
village,66000130008,鹿寮里,6600013
village,66000130009,竹林里,6600013
village,66000130010,犁分里,6600013
village,66000130011,北勢里,6600013
village,66000130012,福興里,6600013
village,66000130013,晉江里,6600013
village,66000130014,六路里,6600013
village,66000130015,南勢里,6600013
village,66000130016,埔子里,6600013
village,66000130017,公明里,6600013
village,66000130018,清泉里,6600013
village,66000130019,西勢里,6600013
village,66000130020,興安里,6600013
village,66000130021,三鹿里,6600013
village,66000140001,頂寮里,6600014
village,66000140002,下寮里,6600014
village,66000140003,中正里,6600014
village,66000140004,中和里,6600014
village,66000140005,文化里,6600014
village,66000140006,安仁里,6600014
village,66000140007,草湳里,6600014
village,66000140008,南簡里,6600014
village,66000140009,福德里,6600014
village,66000140010,大庄里,6600014
village,66000140011,大村里,6600014
village,66000140012,興農里,6600014
village,66000140013,永寧里,6600014
village,66000140014,永安里,6600014
village,66000140S01,,6600014
village,66000150001,廣福里,6600015
village,66000150002,仁里里,6600015
village,66000150003,義里里,6600015
village,66000150004,后里里,6600015
village,66000150005,厚里里,6600015
village,66000150006,墩東里,6600015
village,66000150007,墩西里,6600015
village,66000150008,墩南里,6600015
village,66000150009,墩北里,6600015
village,66000150010,中和里,6600015
village,66000150011,舊社里,6600015
village,66000150012,聯合里,6600015
village,66000150013,太平里,6600015
village,66000150014,眉山里,6600015
village,66000150015,泰安里,6600015
village,66000150016,公館里,6600015
village,66000150017,月眉里,6600015
village,66000150018,義德里,6600015
village,66000160001,神岡里,6600016
village,66000160002,庄前里,6600016
village,66000160003,北庄里,6600016
village,66000160004,庄後里,6600016
village,66000160005,社口里,6600016
village,66000160006,社南里,6600016
village,66000160007,三角里,6600016
village,66000160008,岸裡里,6600016
village,66000160009,大社里,6600016
village,66000160010,豐洲里,6600016
village,66000160011,神洲里,6600016
village,66000160012,溪洲里,6600016
village,66000160013,圳前里,6600016
village,66000160014,新庄里,6600016
village,66000160015,圳堵里,6600016
village,66000160016,山皮里,6600016
village,66000170001,潭陽里,6600017
village,66000170002,潭秀里,6600017
village,66000170003,潭北里,6600017
village,66000170004,福仁里,6600017
village,66000170005,頭家里,6600017
village,66000170006,甘蔗里,6600017
village,66000170007,東寶里,6600017
village,66000170008,大富里,6600017
village,66000170009,大豐里,6600017
village,66000170010,栗林里,6600017
village,66000170011,嘉仁里,6600017
village,66000170012,新田里,6600017
village,66000170013,聚興里,6600017
village,66000170014,頭家東里,6600017
village,66000170015,家興里,6600017
village,66000170016,家福里,6600017
village,66000180001,大雅里,6600018
village,66000180002,員林里,6600018
village,66000180003,六寶里,6600018
village,66000180004,秀山里,6600018
village,66000180005,忠義里,6600018
village,66000180006,橫山里,6600018
village,66000180007,三和里,6600018
village,66000180008,西寶里,6600018
village,66000180009,上楓里,6600018
village,66000180010,二和里,6600018
village,66000180011,四德里,6600018
village,66000180012,上雅里,6600018
village,66000180013,文雅里,6600018
village,66000180014,大楓里,6600018
village,66000180015,雅楓里,6600018
village,66000190001,新社里,6600019
village,66000190002,復盛里,6600019
village,66000190003,中正里,6600019
village,66000190004,月湖里,6600019
village,66000190005,崑山里,6600019
village,66000190006,大南里,6600019
village,66000190007,永源里,6600019
village,66000190008,中興里,6600019
village,66000190009,協成里,6600019
village,66000190010,東興里,6600019
village,66000190011,慶西里,6600019
village,66000190012,中和里,6600019
village,66000190013,福興里,6600019
village,66000200001,石岡里,6600020
village,66000200002,萬安里,6600020
village,66000200003,九房里,6600020
village,66000200004,金星里,6600020
village,66000200005,龍興里,6600020
village,66000200006,萬興里,6600020
village,66000200007,梅子里,6600020
village,66000200008,土牛里,6600020
village,66000200009,德興里,6600020
village,66000200010,和盛里,6600020
village,66000210001,永豐里,6600021
village,66000210002,六分里,6600021
village,66000210003,三崁里,6600021
village,66000210004,大同里,6600021
village,66000210005,水美里,6600021
village,66000210006,大東里,6600021
village,66000210007,馬鳴里,6600021
village,66000210008,中山里,6600021
village,66000210009,鐵山里,6600021
village,66000210010,土城里,6600021
village,66000210011,廍子里,6600021
village,66000220001,南埔里,6600022
village,66000220002,南庄里,6600022
village,66000220003,中庄里,6600022
village,66000220004,龜[壳]里,6600022
village,66000220005,福興里,6600022
village,66000220006,東安里,6600022
village,66000220007,頂安里,6600022
village,66000220008,永安里,6600022
village,66000220009,福住里,6600022
village,66000220010,海墘里,6600022
village,66000220011,西安里,6600022
village,66000220012,松雅里,6600022
village,66000230001,烏日里,6600023
village,66000230002,湖日里,6600023
village,66000230003,三和里,6600023
village,66000230004,榮泉里,6600023
village,66000230005,學田里,6600023
village,66000230006,九德里,6600023
village,66000230007,仁德里,6600023
village,66000230008,前竹里,6600023
village,66000230009,五光里,6600023
village,66000230010,光明里,6600023
village,66000230011,東園里,6600023
village,66000230012,溪埧里,6600023
village,66000230013,螺潭里,6600023
village,66000230014,北里里,6600023
village,66000230015,南里里,6600023
village,66000230016,溪尾里,6600023
village,66000240001,王田里,6600024
village,66000240002,中和里,6600024
village,66000240003,福山里,6600024
village,66000240004,營埔里,6600024
village,66000240005,社腳里,6600024
village,66000240006,新興里,6600024
village,66000240007,大東里,6600024
village,66000240008,大肚里,6600024
village,66000240009,永和里,6600024
village,66000240010,磺溪里,6600024
village,66000240011,永順里,6600024
village,66000240012,成功里,6600024
village,66000240013,山陽里,6600024
village,66000240014,頂街里,6600024
village,66000240015,瑞井里,6600024
village,66000240016,蔗廍里,6600024
village,66000240017,自強里,6600024
village,66000250001,竹坑里,6600025
village,66000250002,龍東里,6600025
village,66000250003,龍西里,6600025
village,66000250004,田中里,6600025
village,66000250005,福田里,6600025
village,66000250006,麗水里,6600025
village,66000250007,龍津里,6600025
village,66000250008,三德里,6600025
village,66000250009,忠和里,6600025
village,66000250010,山腳里,6600025
village,66000250011,龍泉里,6600025
village,66000250012,龍崗里,6600025
village,66000250013,新庄里,6600025
village,66000250014,南寮里,6600025
village,66000250015,新東里,6600025
village,66000250016,東海里,6600025
village,66000250S01,,6600025
village,66000260001,桐林里,6600026
village,66000260002,吉峰里,6600026
village,66000260003,甲寅里,6600026
village,66000260004,本鄉里,6600026
village,66000260005,中正里,6600026
village,66000260006,錦榮里,6600026
village,66000260007,萊園里,6600026
village,66000260008,本堂里,6600026
village,66000260009,坑口里,6600026
village,66000260010,北柳里,6600026
village,66000260011,南柳里,6600026
village,66000260012,四德里,6600026
village,66000260013,五福里,6600026
village,66000260014,萬豐里,6600026
village,66000260015,舊正里,6600026
village,66000260016,峰谷里,6600026
village,66000260017,六股里,6600026
village,66000260018,丁台里,6600026
village,66000260019,北勢里,6600026
village,66000260020,南勢里,6600026
village,66000270001,太平里,6600027
village,66000270002,長億里,6600027
village,66000270003,中平里,6600027
village,66000270004,中興里,6600027
village,66000270005,建國里,6600027
village,66000270006,東平里,6600027
village,66000270007,宜欣里,6600027
village,66000270008,中山里,6600027
village,66000270009,坪林里,6600027
village,66000270010,光華里,6600027
village,66000270011,新坪里,6600027
village,66000270012,新光里,6600027
village,66000270013,新福里,6600027
village,66000270014,頭汴里,6600027
village,66000270015,東汴里,6600027
village,66000270016,興隆里,6600027
village,66000270017,光隆里,6600027
village,66000270018,德隆里,6600027
village,66000270019,黃竹里,6600027
village,66000270020,永成里,6600027
village,66000270021,永平里,6600027
village,66000270022,成功里,6600027
village,66000270023,東和里,6600027
village,66000270024,中政里,6600027
village,66000270025,平安里,6600027
village,66000270026,建興里,6600027
village,66000270027,新興里,6600027
village,66000270028,新高里,6600027
village,66000270029,新吉里,6600027
village,66000270030,新城里,6600027
village,66000270031,宜佳里,6600027
village,66000270032,宜昌里,6600027
village,66000270033,光明里,6600027
village,66000270034,豐年里,6600027
village,66000270035,大興里,6600027
village,66000270036,勤益里,6600027
village,66000270037,聖和里,6600027
village,66000270038,福隆里,6600027
village,66000270039,永隆里,6600027
village,66000280001,大里里,6600028
village,66000280002,新里里,6600028
village,66000280003,樹王里,6600028
village,66000280004,東興里,6600028
village,66000280005,祥興里,6600028
village,66000280006,日新里,6600028
village,66000280007,西榮里,6600028
village,66000280008,內新里,6600028
village,66000280009,東昇里,6600028
village,66000280010,立仁里,6600028
village,66000280011,新仁里,6600028
village,66000280012,大元里,6600028
village,66000280013,夏田里,6600028
village,66000280014,仁化里,6600028
village,66000280015,健民里,6600028
village,66000280016,塗城里,6600028
village,66000280017,瑞城里,6600028
village,66000280018,金城里,6600028
village,66000280019,東湖里,6600028
village,66000280020,西湖里,6600028
village,66000280021,國光里,6600028
village,66000280022,大明里,6600028
village,66000280023,永隆里,6600028
village,66000280024,長榮里,6600028
village,66000280025,中新里,6600028
village,66000280026,立德里,6600028
village,66000280027,仁德里,6600028
village,66000290001,南勢里,6600029
village,66000290002,天輪里,6600029
village,66000290003,博愛里,6600029
village,66000290004,中坑里,6600029
village,66000290005,自由里,6600029
village,66000290006,達觀里,6600029
village,66000290007,梨山里,6600029
village,66000290008,平等里,6600029
village,10017010001,德義里,1001701
village,10017010002,正義里,1001701
village,10017010003,信義里,1001701
village,10017010004,義重里,1001701
village,10017010005,港通里,1001701
village,10017010006,中船里,1001701
village,10017010007,正船里,1001701
village,10017010008,入船里,1001701
village,10017010009,中砂里,1001701
village,10017010010,正砂里,1001701
village,10017010011,真砂里,1001701
village,10017010012,砂灣里,1001701
village,10017010013,建國里,1001701
village,10017010014,中濱里,1001701
village,10017010015,海濱里,1001701
village,10017010016,社寮里,1001701
village,10017010017,和憲里,1001701
village,10017010018,平寮里,1001701
village,10017010019,八斗里,1001701
village,10017010020,碧砂里,1001701
village,10017010021,長潭里,1001701
village,10017010022,砂子里,1001701
village,10017010023,中正里,1001701
village,10017010024,正濱里,1001701
village,10017010025,新豐里,1001701
village,10017010026,新富里,1001701
village,10017010P01,,1001701
village,10017010P02,,1001701
village,10017010S01,,1001701
village,10017010S02,,1001701
village,10017010S03,,1001701
village,10017010S04,,1001701
village,10017020001,長興里,1001702
village,10017020002,正光里,1001702
village,10017020003,富民里,1001702
village,10017020004,永平里,1001702
village,10017020005,永安里,1001702
village,10017020006,八德里,1001702
village,10017020007,自強里,1001702
village,10017020008,六堵里,1001702
village,10017020009,泰安里,1001702
village,10017020010,堵北里,1001702
village,10017020011,堵南里,1001702
village,10017020012,瑪南里,1001702
village,10017020013,瑪東里,1001702
village,10017020014,瑪西里,1001702
village,10017020015,友一里,1001702
village,10017020016,友二里,1001702
village,10017020017,正明里,1001702
village,10017020018,百福里,1001702
village,10017020019,實踐里,1001702
village,10017020020,長安里,1001702
village,10017030001,八西里,1001703
village,10017030002,八堵里,1001703
village,10017030003,八南里,1001703
village,10017030004,過港里,1001703
village,10017030005,碇內里,1001703
village,10017030006,碇和里,1001703
village,10017030007,暖同里,1001703
village,10017030008,暖暖里,1001703
village,10017030009,暖東里,1001703
village,10017030010,暖西里,1001703
village,10017030011,八中里,1001703
village,10017030012,碇安里,1001703
village,10017030013,碇祥里,1001703
village,10017040001,林泉里,1001704
village,10017040002,花崗里,1001704
village,10017040003,虹橋里,1001704
village,10017040004,水錦里,1001704
village,10017040005,智仁里,1001704
village,10017040006,和明里,1001704
village,10017040007,忠勇里,1001704
village,10017040008,玉田里,1001704
village,10017040009,仁德里,1001704
village,10017040010,博愛里,1001704
village,10017040011,福仁里,1001704
village,10017040012,誠仁里,1001704
village,10017040013,吉仁里,1001704
village,10017040014,育仁里,1001704
village,10017040015,英仁里,1001704
village,10017040016,龍門里,1001704
village,10017040017,德厚里,1001704
village,10017040018,曲水里,1001704
village,10017040019,崇文里,1001704
village,10017040020,文安里,1001704
village,10017040021,兆連里,1001704
village,10017040022,獅球里,1001704
village,10017040023,書院里,1001704
village,10017040024,朝棟里,1001704
village,10017040025,明德里,1001704
village,10017040026,同風里,1001704
village,10017040027,文昌里,1001704
village,10017040028,新店里,1001704
village,10017040029,光華里,1001704
village,10017040P01,,1001704
village,10017050001,新建里,1001705
village,10017050002,安民里,1001705
village,10017050003,安平里,1001705
village,10017050004,中山里,1001705
village,10017050005,民治里,1001705
village,10017050006,中興里,1001705
village,10017050007,仁正里,1001705
village,10017050008,健民里,1001705
village,10017050009,通化里,1001705
village,10017050010,居仁里,1001705
village,10017050011,通明里,1001705
village,10017050012,協和里,1001705
village,10017050013,文化里,1001705
village,10017050014,仙洞里,1001705
village,10017050015,太白里,1001705
village,10017050016,西榮里,1001705
village,10017050017,西華里,1001705
village,10017050018,西定里,1001705
village,10017050019,西康里,1001705
village,10017050020,德和里,1001705
village,10017050021,中和里,1001705
village,10017050022,德安里,1001705
village,10017050023,和平里,1001705
village,10017050024,和慶里,1001705
village,10017050P01,,1001705
village,10017060001,西川里,1001706
village,10017060002,定國里,1001706
village,10017060003,新西里,1001706
village,10017060004,定邦里,1001706
village,10017060005,慈仁里,1001706
village,10017060006,干城里,1001706
village,10017060007,永康里,1001706
village,10017060008,嘉仁里,1001706
village,10017060009,安和里,1001706
village,10017060010,樂一里,1001706
village,10017060011,外寮里,1001706
village,10017060012,中崙里,1001706
village,10017060013,內寮里,1001706
village,10017060014,新崙里,1001706
village,10017060015,三民里,1001706
village,10017060016,四維里,1001706
village,10017060017,五福里,1001706
village,10017060018,六合里,1001706
village,10017060019,七賢里,1001706
village,10017060020,鶯歌里,1001706
village,10017060021,武崙里,1001706
village,10017060022,長樂里,1001706
village,10017060023,興寮里,1001706
village,10017060024,鶯安里,1001706
village,10017060025,壯觀里,1001706
village,10017070001,仁壽里,1001707
village,10017070002,仁義里,1001707
village,10017070003,義昭里,1001707
village,10017070004,義幸里,1001707
village,10017070005,義民里,1001707
village,10017070006,義和里,1001707
village,10017070007,智慧里,1001707
village,10017070008,智誠里,1001707
village,10017070009,禮儀里,1001707
village,10017070010,禮東里,1001707
village,10017070011,信綠里,1001707
village,10017070012,東光里,1001707
village,10017070013,東明里,1001707
village,10017070014,東安里,1001707
village,10017070015,孝岡里,1001707
village,10017070016,東信里,1001707
village,10017070017,孝深里,1001707
village,10017070018,孝賢里,1001707
village,10017070019,孝德里,1001707
village,10017070020,孝忠里,1001707
village,67000320001,富裕里,6700032
village,67000320002,裕農里,6700032
village,67000320003,大智里,6700032
village,67000320004,崇學里,6700032
village,67000320005,泉南里,6700032
village,67000320006,仁和里,6700032
village,67000320007,後甲里,6700032
village,67000320008,東光里,6700032
village,67000320009,新東里,6700032
village,67000320010,中西里,6700032
village,67000320011,東安里,6700032
village,67000320012,崇明里,6700032
village,67000320013,自強里,6700032
village,67000320014,和平里,6700032
village,67000320015,路東里,6700032
village,67000320016,大德里,6700032
village,67000320017,關聖里,6700032
village,67000320018,衛國里,6700032
village,67000320019,崇善里,6700032
village,67000320020,富強里,6700032
village,67000320021,圍下里,6700032
village,67000320022,小東里,6700032
village,67000320023,大學里,6700032
village,67000320024,龍山里,6700032
village,67000320025,虎尾里,6700032
village,67000320026,德高里,6700032
village,67000320027,莊敬里,6700032
village,67000320028,大福里,6700032
village,67000320029,忠孝里,6700032
village,67000320030,崇誨里,6700032
village,67000320031,東明里,6700032
village,67000320032,崇德里,6700032
village,67000320033,東智里,6700032
village,67000320034,東聖里,6700032
village,67000320035,崇成里,6700032
village,67000320036,東門里,6700032
village,67000320037,成大里,6700032
village,67000320038,大同里,6700032
village,67000320039,德光里,6700032
village,67000320040,崇信里,6700032
village,67000320041,崇文里,6700032
village,67000320042,復興里,6700032
village,67000320043,裕聖里,6700032
village,67000320044,南聖里,6700032
village,67000320045,文聖里,6700032
village,67000330001,竹溪里,6700033
village,67000330003,明德里,6700033
village,67000330004,大成里,6700033
village,67000330005,廣州里,6700033
village,67000330006,新昌里,6700033
village,67000330007,新興里,6700033
village,67000330008,田寮里,6700033
village,67000330009,國宅里,6700033
village,67000330011,光明里,6700033
village,67000330013,明亮里,6700033
village,67000330014,喜東里,6700033
village,67000330015,喜北里,6700033
village,67000330016,喜南里,6700033
village,67000330017,省躬里,6700033
village,67000330018,興農里,6700033
village,67000330019,同安里,6700033
village,67000330020,佛壇里,6700033
village,67000330021,大林里,6700033
village,67000330022,大忠里,6700033
village,67000330023,大恩里,6700033
village,67000330024,新生里,6700033
village,67000330025,再興里,6700033
village,67000330026,明興里,6700033
village,67000330027,文華里,6700033
village,67000330028,金華里,6700033
village,67000330029,南都里,6700033
village,67000330030,開南里,6700033
village,67000330031,彰南里,6700033
village,67000330032,建南里,6700033
village,67000330033,郡南里,6700033
village,67000330034,府南里,6700033
village,67000330035,文南里,6700033
village,67000330036,鯤鯓里,6700033
village,67000330037,松安里,6700033
village,67000330038,永寧里,6700033
village,67000330039,南華里,6700033
village,67000330040,鹽埕里,6700033
village,67000340001,開元里,6700034
village,67000340004,東興里,6700034
village,67000340005,力行里,6700034
village,67000340007,振興里,6700034
village,67000340008,仁愛里,6700034
village,67000340018,大豐里,6700034
village,67000340019,重興里,6700034
village,67000340020,和順里,6700034
village,67000340023,正覺里,6700034
village,67000340024,成功里,6700034
village,67000340025,文元里,6700034
village,67000340026,大港里,6700034
village,67000340032,中樓里,6700034
village,67000340033,公園里,6700034
village,67000340038,元寶里,6700034
village,67000340039,永祥里,6700034
village,67000340040,成德里,6700034
village,67000340041,文成里,6700034
village,67000340042,大和里,6700034
village,67000340043,賢北里,6700034
village,67000340044,長勝里,6700034
village,67000340045,合興里,6700034
village,67000340046,北門里,6700034
village,67000340047,小北里,6700034
village,67000340048,大光里,6700034
village,67000340049,大興里,6700034
village,67000340050,長興里,6700034
village,67000340051,北華里,6700034
village,67000340052,華德里,6700034
village,67000340053,福德里,6700034
village,67000340054,立人里,6700034
village,67000340055,雙安里,6700034
village,67000340056,元美里,6700034
village,67000350001,東和里,6700035
village,67000350002,安順里,6700035
village,67000350003,[塭]南里,6700035
village,67000350004,州南里,6700035
village,67000350005,州北里,6700035
village,67000350006,安東里,6700035
village,67000350007,安西里,6700035
village,67000350008,頂安里,6700035
village,67000350009,安慶里,6700035
village,67000350010,新順里,6700035
village,67000350011,原佃里,6700035
village,67000350012,總頭里,6700035
village,67000350013,長安里,6700035
village,67000350014,公親里,6700035
village,67000350015,海東里,6700035
village,67000350016,海西里,6700035
village,67000350017,海南里,6700035
village,67000350018,溪心里,6700035
village,67000350019,塩田里,6700035
village,67000350020,淵東里,6700035
village,67000350021,淵西里,6700035
village,67000350022,佃東里,6700035
village,67000350023,佃西里,6700035
village,67000350024,公[塭]里,6700035
village,67000350025,南興里,6700035
village,67000350026,學東里,6700035
village,67000350027,城東里,6700035
village,67000350028,城北里,6700035
village,67000350029,城中里,6700035
village,67000350030,城南里,6700035
village,67000350031,城西里,6700035
village,67000350032,青草里,6700035
village,67000350033,砂崙里,6700035
village,67000350035,鹿耳里,6700035
village,67000350036,四草里,6700035
village,67000350037,安和里,6700035
village,67000350038,溪北里,6700035
village,67000350039,溪頂里,6700035
village,67000350040,溪墘里,6700035
village,67000350041,海佃里,6700035
village,67000350042,幸福里,6700035
village,67000350043,鳳凰里,6700035
village,67000350044,梅花里,6700035
village,67000350045,理想里,6700035
village,67000350046,溪東里,6700035
village,67000350047,淵中里,6700035
village,67000350048,布袋里,6700035
village,67000350049,國安里,6700035
village,67000350050,安富里,6700035
village,67000350051,大安里,6700035
village,67000350052,媽祖宮里,6700035
village,67000360002,金城里,6700036
village,67000360004,漁光里,6700036
village,67000360005,建平里,6700036
village,67000360006,怡平里,6700036
village,67000360007,華平里,6700036
village,67000360008,平通里,6700036
village,67000360009,文平里,6700036
village,67000360010,國平里,6700036
village,67000360011,育平里,6700036
village,67000360012,億載里,6700036
village,67000360015,平安里,6700036
village,67000360016,天妃里,6700036
village,67000360017,王城里,6700036
village,67000370005,赤嵌里,6700037
village,67000370007,郡王里,6700037
village,67000370009,法華里,6700037
village,67000370011,開山里,6700037
village,67000370016,永華里,6700037
village,67000370022,藥王里,6700037
village,67000370025,光賢里,6700037
village,67000370031,大涼里,6700037
village,67000370033,西湖里,6700037
village,67000370034,西賢里,6700037
village,67000370039,城隍里,6700037
village,67000370040,南美里,6700037
village,67000370041,南門里,6700037
village,67000370042,小西門里,6700037
village,67000370043,五條港里,6700037
village,67000370044,兌悅里,6700037
village,67000370045,淺草里,6700037
village,67000370046,府前里,6700037
village,67000370047,南廠里,6700037
village,67000370048,西和里,6700037
village,67000010001,忠政里,6700001
village,67000010002,民權里,6700001
village,67000010003,三仙里,6700001
village,67000010007,大宏里,6700001
village,67000010008,王公里,6700001
village,67000010009,中營里,6700001
village,67000010010,土庫里,6700001
village,67000010012,南興里,6700001
village,67000010013,興業里,6700001
village,67000010014,民生里,6700001
village,67000010015,民榮里,6700001
village,67000010016,埤寮里,6700001
village,67000010017,護鎮里,6700001
village,67000010018,太南里,6700001
village,67000010019,太北里,6700001
village,67000010020,南紙里,6700001
village,67000010021,嘉芳里,6700001
village,67000010025,五興里,6700001
village,67000010026,姑爺里,6700001
village,67000010027,新北里,6700001
village,67000010028,新南里,6700001
village,67000010029,新東里,6700001
village,67000010030,永平里,6700001
village,67000020001,水秀里,6700002
village,67000020008,橋南里,6700002
village,67000020010,汫水里,6700002
village,67000020011,岸內里,6700002
village,67000020014,歡雅里,6700002
village,67000020026,津城里,6700002
village,67000020027,月港里,6700002
village,67000020028,三明里,6700002
village,67000020029,義中里,6700002
village,67000020030,文昌里,6700002
village,67000020031,竹林里,6700002
village,67000020032,三和里,6700002
village,67000020033,坔頭港里,6700002
village,67000040001,士林里,6700004
village,67000040002,光福里,6700004
village,67000040003,中埕里,6700004
village,67000040004,東昇里,6700004
village,67000040005,八翁里,6700004
village,67000040006,人和里,6700004
village,67000040007,太康里,6700004
village,67000040008,重溪里,6700004
village,67000040009,篤農里,6700004
village,67000040010,大農里,6700004
village,67000040011,神農里,6700004
village,67000040012,果毅里,6700004
village,67000040013,旭山里,6700004
village,67000030001,白河里,6700003
village,67000030002,永安里,6700003
village,67000030003,外角里,6700003
village,67000030004,庄內里,6700003
village,67000030005,秀祐里,6700003
village,67000030006,河東里,6700003
village,67000030007,虎山里,6700003
village,67000030008,大林里,6700003
village,67000030009,崁頭里,6700003
village,67000030010,六溪里,6700003
village,67000030011,仙草里,6700003
village,67000030012,關嶺里,6700003
village,67000030014,大竹里,6700003
village,67000030018,竹門里,6700003
village,67000030019,崎內里,6700003
village,67000030020,昇安里,6700003
village,67000030021,汴頭里,6700003
village,67000030022,內角里,6700003
village,67000030025,詔豐里,6700003
village,67000030026,廣蓮里,6700003
village,67000030027,馬稠後里,6700003
village,67000050001,後壁里,6700005
village,67000050002,侯伯里,6700005
village,67000050003,嘉苳里,6700005
village,67000050004,土溝里,6700005
village,67000050010,竹新里,6700005
village,67000050011,新東里,6700005
village,67000050012,頂安里,6700005
village,67000050013,長安里,6700005
village,67000050014,福安里,6700005
village,67000050018,菁寮里,6700005
village,67000050019,新嘉里,6700005
village,67000050022,長短樹里,6700005
village,67000050023,上茄苳里,6700005
village,67000050024,菁豐里,6700005
village,67000060001,東山里,6700006
village,67000060002,東中里,6700006
village,67000060003,東正里,6700006
village,67000060004,三榮里,6700006
village,67000060005,大客里,6700006
village,67000060006,科里里,6700006
village,67000060007,東河里,6700006
village,67000060008,南溪里,6700006
village,67000060009,水雲里,6700006
village,67000060010,林安里,6700006
village,67000060011,東原里,6700006
village,67000060012,嶺南里,6700006
village,67000060013,南勢里,6700006
village,67000060014,青山里,6700006
village,67000060015,高原里,6700006
village,67000060016,聖賢里,6700006
village,67000070003,東角里,6700007
village,67000070004,晋江里,6700007
village,67000070005,巷口里,6700007
village,67000070006,中興里,6700007
village,67000070007,興農里,6700007
village,67000070009,油車里,6700007
village,67000070010,北勢里,6700007
village,67000070011,大埕里,6700007
village,67000070014,南勢里,6700007
village,67000070015,寮廍里,6700007
village,67000070017,埤頭里,6700007
village,67000070019,海埔里,6700007
village,67000070021,港尾里,6700007
village,67000070022,麻口里,6700007
village,67000070024,安業里,6700007
village,67000070028,安正里,6700007
village,67000070030,新興里,6700007
village,67000070031,謝厝寮里,6700007
village,67000070032,井東里,6700007
village,67000070033,清水里,6700007
village,67000080001,下營里,6700008
village,67000080002,仁里里,6700008
village,67000080003,宅內里,6700008
village,67000080004,後街里,6700008
village,67000080005,新興里,6700008
village,67000080006,營前里,6700008
village,67000080011,開化里,6700008
village,67000080012,西連里,6700008
village,67000080013,賀建里,6700008
village,67000080016,茅營里,6700008
village,67000080017,大吉里,6700008
village,67000080018,紅甲里,6700008
village,67000090001,六甲里,6700009
village,67000090002,甲東里,6700009
village,67000090003,甲南里,6700009
village,67000090005,七甲里,6700009
village,67000090006,二甲里,6700009
village,67000090007,水林里,6700009
village,67000090008,中社里,6700009
village,67000090009,龜港里,6700009
village,67000090010,菁埔里,6700009
village,67000090011,王爺里,6700009
village,67000090012,大丘里,6700009
village,67000100001,官田里,6700010
village,67000100002,二鎮里,6700010
village,67000100005,大崎里,6700010
village,67000100006,隆田里,6700010
village,67000100007,隆本里,6700010
village,67000100008,南廍里,6700010
village,67000100013,社子里,6700010
village,67000100014,烏山頭里,6700010
village,67000100015,渡拔里,6700010
village,67000100017,東庄里,6700010
village,67000100018,西庄里,6700010
village,67000110001,石湖里,6700011
village,67000110002,石林里,6700011
village,67000110003,石城里,6700011
village,67000110004,內江里,6700011
village,67000110005,大內里,6700011
village,67000110006,內郭里,6700011
village,67000110007,頭社里,6700011
village,67000110008,環湖里,6700011
village,67000110009,二溪里,6700011
village,67000110010,曲溪里,6700011
village,67000120001,東寧里,6700012
village,67000120002,忠仁里,6700012
village,67000120003,鎮山里,6700012
village,67000120004,建南里,6700012
village,67000120005,安西里,6700012
village,67000120006,六安里,6700012
village,67000120007,佳化里,6700012
village,67000120012,海澄里,6700012
village,67000120019,民安里,6700012
village,67000120020,子龍里,6700012
village,67000120022,營溪里,6700012
village,67000120023,文新里,6700012
village,67000120024,佳興里,6700012
village,67000120025,下營里,6700012
village,67000120026,塭內里,6700012
village,67000120027,南勢里,6700012
village,67000140001,西港里,6700014
village,67000140002,南海里,6700014
village,67000140003,港東里,6700014
village,67000140004,[檨]林里,6700014
village,67000140005,後營里,6700014
village,67000140006,營西里,6700014
village,67000140007,金砂里,6700014
village,67000140008,劉厝里,6700014
village,67000140009,竹林里,6700014
village,67000140010,永樂里,6700014
village,67000140011,新復里,6700014
village,67000140012,慶安里,6700014
village,67000150001,後港里,6700015
village,67000150002,大潭里,6700015
village,67000150004,篤加里,6700015
village,67000150005,頂山里,6700015
village,67000150006,西寮里,6700015
village,67000150007,塩埕里,6700015
village,67000150008,龍山里,6700015
village,67000150009,溪南里,6700015
village,67000150010,七股里,6700015
village,67000150011,玉成里,6700015
village,67000150012,大埕里,6700015
village,67000150015,樹林里,6700015
village,67000150017,中寮里,6700015
village,67000150018,竹橋里,6700015
village,67000150019,義合里,6700015
village,67000150021,永吉里,6700015
village,67000150022,三股里,6700015
village,67000150023,十份里,6700015
village,67000160001,長榮里,6700016
village,67000160013,玉山里,6700016
village,67000160014,廣山里,6700016
village,67000160015,長沙里,6700016
village,67000160016,平沙里,6700016
village,67000160017,鯤鯓里,6700016
village,67000160018,鯤溟里,6700016
village,67000160019,巷埔里,6700016
village,67000160020,西甲里,6700016
village,67000160021,忠嘉里,6700016
village,67000160022,苓仔寮里,6700016
village,67000160023,將軍里,6700016
village,67000170001,保吉里,6700017
village,67000170002,雙春里,6700017
village,67000170005,北門里,6700017
village,67000170006,錦湖里,6700017
village,67000170007,三光里,6700017
village,67000170009,玉港里,6700017
village,67000170011,慈安里,6700017
village,67000170013,永隆里,6700017
village,67000170014,蚵寮里,6700017
village,67000170015,文山里,6700017
village,67000130001,仁得里,6700013
village,67000130002,新榮里,6700013
village,67000130003,光華里,6700013
village,67000130004,宅港里,6700013
village,67000130005,慈福里,6700013
village,67000130006,秀昌里,6700013
village,67000130007,明宜里,6700013
village,67000130008,豐和里,6700013
village,67000130009,平和里,6700013
village,67000130010,新達里,6700013
village,67000130011,大灣里,6700013
village,67000130012,三慶里,6700013
village,67000130013,中洲里,6700013
village,67000180001,武安里,6700018
village,67000180002,東榮里,6700018
village,67000180003,護國里,6700018
village,67000180004,太平里,6700018
village,67000180009,協興里,6700018
village,67000180010,唪口里,6700018
village,67000180011,北勢里,6700018
village,67000180012,豐榮里,6700018
village,67000180013,全興里,6700018
village,67000180014,崙頂里,6700018
village,67000180015,知義里,6700018
village,67000180016,山脚里,6700018
village,67000180017,大坑里,6700018
village,67000180018,[那]拔里,6700018
village,67000180019,羊林里,6700018
village,67000180020,礁坑里,6700018
village,67000190001,東關里,6700019
village,67000190002,坐駕里,6700019
village,67000190003,光文里,6700019
village,67000190004,文昌里,6700019
village,67000190005,南關里,6700019
village,67000190008,文正里,6700019
village,67000190009,胡家里,6700019
village,67000190010,胡厝里,6700019
village,67000190011,什乃里,6700019
village,67000190012,溪美里,6700019
village,67000190013,六分里,6700019
village,67000190014,六德里,6700019
village,67000190015,田寮里,6700019
village,67000190018,牛庄里,6700019
village,67000190019,嘉北里,6700019
village,67000190020,嘉南里,6700019
village,67000190021,小新里,6700019
village,67000190022,頂街里,6700019
village,67000190023,昌隆里,6700019
village,67000190024,蓮潭里,6700019
village,67000200001,新市里,6700020
village,67000200002,新和里,6700020
village,67000200003,社內里,6700020
village,67000200004,大洲里,6700020
village,67000200005,豐華里,6700020
village,67000200006,三舍里,6700020
village,67000200007,大營里,6700020
village,67000200008,大社里,6700020
village,67000200009,潭頂里,6700020
village,67000200010,港墘里,6700020
village,67000200011,永就里,6700020
village,67000210001,蘇林里,6700021
village,67000210002,蘇厝里,6700021
village,67000210003,安定里,6700021
village,67000210004,安加里,6700021
village,67000210006,港尾里,6700021
village,67000210007,中榮里,6700021
village,67000210008,港口里,6700021
village,67000210009,港南里,6700021
village,67000210012,中沙里,6700021
village,67000210013,新吉里,6700021
village,67000210014,海寮里,6700021
village,67000210017,文科里,6700021
village,67000210018,嘉同里,6700021
village,67000220001,明和里,6700022
village,67000220002,南洲里,6700022
village,67000220003,山上里,6700022
village,67000220004,新莊里,6700022
village,67000220005,玉峯里,6700022
village,67000220006,平陽里,6700022
village,67000220007,豐德里,6700022
village,67000260001,光和里,6700026
village,67000260002,榮和里,6700026
village,67000260003,左鎮里,6700026
village,67000260004,中正里,6700026
village,67000260005,睦光里,6700026
village,67000260006,內庄里,6700026
village,67000260007,澄山里,6700026
village,67000260008,岡林里,6700026
village,67000260009,草山里,6700026
village,67000260010,二寮里,6700026
village,67000270001,太子里,6700027
village,67000270002,土庫里,6700027
village,67000270003,一甲里,6700027
village,67000270004,仁德里,6700027
village,67000270005,仁義里,6700027
village,67000270006,新田里,6700027
village,67000270007,後壁里,6700027
village,67000270008,上崙里,6700027
village,67000270011,保安里,6700027
village,67000270012,成功里,6700027
village,67000270013,仁和里,6700027
village,67000270014,仁愛里,6700027
village,67000270015,二行里,6700027
village,67000270016,大甲里,6700027
village,67000270017,中洲里,6700027
village,67000270019,文賢里,6700027
village,67000280001,南保里,6700028
village,67000280002,六甲里,6700028
village,67000280003,歸仁里,6700028
village,67000280004,後市里,6700028
village,67000280005,辜厝里,6700028
village,67000280006,許厝里,6700028
village,67000280007,看西里,6700028
village,67000280008,看東里,6700028
village,67000280009,崙頂里,6700028
village,67000280010,沙崙里,6700028
village,67000280011,大潭里,6700028
village,67000280012,武東里,6700028
village,67000280013,八甲里,6700028
village,67000280014,七甲里,6700028
village,67000280015,媽廟里,6700028
village,67000280016,西埔里,6700028
village,67000280017,大廟里,6700028
village,67000280018,南興里,6700028
village,67000280019,新厝里,6700028
village,67000280020,歸南里,6700028
village,67000280021,文化里,6700028
village,67000290001,關廟里,6700029
village,67000290002,山西里,6700029
village,67000290003,香洋里,6700029
village,67000290004,北勢里,6700029
village,67000290005,新埔里,6700029
village,67000290006,新光里,6700029
village,67000290007,五甲里,6700029
village,67000290008,東勢里,6700029
village,67000290009,松腳里,6700029
village,67000290012,深坑里,6700029
village,67000290013,布袋里,6700029
village,67000290016,埤頭里,6700029
village,67000290017,下湖里,6700029
village,67000290018,花園里,6700029
village,67000290020,龜洞里,6700029
village,67000300001,崎頂里,6700030
village,67000300002,土崎里,6700030
village,67000300003,中坑里,6700030
village,67000300004,楠坑里,6700030
village,67000300005,牛埔里,6700030
village,67000300006,大坪里,6700030
village,67000300007,龍船里,6700030
village,67000300008,石[曹]里,6700030
village,67000230001,玉井里,6700023
village,67000230002,玉田里,6700023
village,67000230003,中正里,6700023
village,67000230004,竹圍里,6700023
village,67000230005,沙田里,6700023
village,67000230006,三埔里,6700023
village,67000230007,三和里,6700023
village,67000230008,望明里,6700023
village,67000230009,層林里,6700023
village,67000230010,豐里里,6700023
village,67000240001,楠西里,6700024
village,67000240002,灣丘里,6700024
village,67000240003,密枝里,6700024
village,67000240004,照興里,6700024
village,67000240005,鹿田里,6700024
village,67000240006,龜丹里,6700024
village,67000240007,東勢里,6700024
village,67000250001,南化里,6700025
village,67000250002,小崙里,6700025
village,67000250003,中坑里,6700025
village,67000250004,北平里,6700025
village,67000250005,東和里,6700025
village,67000250006,西埔里,6700025
village,67000250007,北寮里,6700025
village,67000250008,玉山里,6700025
village,67000250009,關山里,6700025
village,67000310001,五王里,6700031
village,67000310002,網寮里,6700031
village,67000310003,永康里,6700031
village,67000310004,埔園里,6700031
village,67000310005,大橋里,6700031
village,67000310006,王行里,6700031
village,67000310007,烏竹里,6700031
village,67000310008,蔦松里,6700031
village,67000310009,三民里,6700031
village,67000310010,塩行里,6700031
village,67000310011,甲頂里,6700031
village,67000310012,大灣里,6700031
village,67000310013,東灣里,6700031
village,67000310014,西灣里,6700031
village,67000310015,南灣里,6700031
village,67000310016,崑山里,6700031
village,67000310017,北灣里,6700031
village,67000310018,新樹里,6700031
village,67000310019,復興里,6700031
village,67000310020,復國里,6700031
village,67000310021,建國里,6700031
village,67000310022,神洲里,6700031
village,67000310023,西勢里,6700031
village,67000310024,成功里,6700031
village,67000310025,中興里,6700031
village,67000310026,勝利里,6700031
village,67000310027,龍潭里,6700031
village,67000310028,光復里,6700031
village,67000310029,塩洲里,6700031
village,67000310030,二王里,6700031
village,67000310031,六合里,6700031
village,67000310032,三合里,6700031
village,67000310033,東橋里,6700031
village,67000310034,安康里,6700031
village,67000310035,西橋里,6700031
village,67000310036,尚頂里,6700031
village,67000310037,復華里,6700031
village,67000310038,正強里,6700031
village,67000310039,中華里,6700031
village,67000310040,北興里,6700031
village,67000310041,龍埔里,6700031
village,67000310042,永明里,6700031
village,67000310043,塩興里,6700031
village,64000010001,藍橋里,6400001
village,64000010004,壽星里,6400001
village,64000010005,中山里,6400001
village,64000010006,教仁里,6400001
village,64000010007,新樂里,6400001
village,64000010008,中原里,6400001
village,64000010009,光明里,6400001
village,64000010010,育仁里,6400001
village,64000010011,河濱里,6400001
village,64000010012,沙地里,6400001
village,64000010013,南端里,6400001
village,64000010014,港都里,6400001
village,64000010015,江西里,6400001
village,64000010016,新豐里,6400001
village,64000010017,府北里,6400001
village,64000010018,陸橋里,6400001
village,64000010019,瀨南里,6400001
village,64000010020,新化里,6400001
village,64000010021,江南里,6400001
village,64000010022,北端里,6400001
village,64000010S01,,6400001
village,64000020001,鼓峰里,6400002
village,64000020002,雄峰里,6400002
village,64000020003,前峰里,6400002
village,64000020004,光榮里,6400002
village,64000020005,民族里,6400002
village,64000020006,內惟里,6400002
village,64000020007,建國里,6400002
village,64000020008,忠正里,6400002
village,64000020009,自強里,6400002
village,64000020010,龍井里,6400002
village,64000020011,正德里,6400002
village,64000020012,平和里,6400002
village,64000020013,民強里,6400002
village,64000020014,厚生里,6400002
village,64000020015,龍子里,6400002
village,64000020017,明誠里,6400002
village,64000020018,華豐里,6400002
village,64000020019,裕興里,6400002
village,64000020020,裕豐里,6400002
village,64000020021,鼓岩里,6400002
village,64000020022,樹德里,6400002
village,64000020023,寶樹里,6400002
village,64000020024,興宗里,6400002
village,64000020025,光化里,6400002
village,64000020026,山下里,6400002
village,64000020027,河邊里,6400002
village,64000020028,綠川里,6400002
village,64000020029,登山里,6400002
village,64000020030,峰南里,6400002
village,64000020031,麗興里,6400002
village,64000020032,新民里,6400002
village,64000020033,延平里,6400002
village,64000020034,維生里,6400002
village,64000020035,惠安里,6400002
village,64000020036,壽山里,6400002
village,64000020037,哨船頭里,6400002
village,64000020038,桃源里,6400002
village,64000020039,南美術館里,6400002
village,64000020040,北美術館里,6400002
village,64000020S01,,6400002
village,64000030001,進學里,6400003
village,64000030002,尾西里,6400003
village,64000030003,頂北里,6400003
village,64000030004,中北里,6400003
village,64000030006,廟東里,6400003
village,64000030007,廟北里,6400003
village,64000030008,尾南里,6400003
village,64000030009,尾北里,6400003
village,64000030011,屏山里,6400003
village,64000030013,永清里,6400003
village,64000030015,莒光里,6400003
village,64000030016,光輝里,6400003
village,64000030017,合群里,6400003
village,64000030019,明建里,6400003
village,64000030021,頂西里,6400003
village,64000030022,聖后里,6400003
village,64000030025,城南里,6400003
village,64000030026,路東里,6400003
village,64000030029,埤西里,6400003
village,64000030030,埤北里,6400003
village,64000030031,埤東里,6400003
village,64000030032,海勝里,6400003
village,64000030034,崇實里,6400003
village,64000030035,自助里,6400003
village,64000030036,果貿里,6400003
village,64000030037,果惠里,6400003
village,64000030038,果峰里,6400003
village,64000030039,新下里,6400003
village,64000030040,新上里,6400003
village,64000030041,新中里,6400003
village,64000030042,新光里,6400003
village,64000030043,菜公里,6400003
village,64000030044,福山里,6400003
village,64000030045,福愛里,6400003
village,64000030046,福華里,6400003
village,64000030047,福榮里,6400003
village,64000030048,新超里,6400003
village,64000030049,菜福里,6400003
village,64000030050,高鐵里,6400003
village,64000030051,廍後里,6400003
village,64000030052,崇聖里,6400003
village,64000030S01,,6400003
village,64000040001,清豐里,6400004
village,64000040002,東寧里,6400004
village,64000040003,五常里,6400004
village,64000040004,享平里,6400004
village,64000040005,中陽里,6400004
village,64000040006,惠楠里,6400004
village,64000040007,惠民里,6400004
village,64000040008,惠豐里,6400004
village,64000040009,錦屏里,6400004
village,64000040010,玉屏里,6400004
village,64000040011,金田里,6400004
village,64000040012,稔田里,6400004
village,64000040013,瑞屏里,6400004
village,64000040014,翠屏里,6400004
village,64000040016,宏毅里,6400004
village,64000040017,宏榮里,6400004
village,64000040018,廣昌里,6400004
village,64000040019,久昌里,6400004
village,64000040020,大昌里,6400004
village,64000040021,福昌里,6400004
village,64000040022,盛昌里,6400004
village,64000040023,泰昌里,6400004
village,64000040024,興昌里,6400004
village,64000040025,建昌里,6400004
village,64000040026,宏昌里,6400004
village,64000040027,和昌里,6400004
village,64000040028,慶昌里,6400004
village,64000040029,隆昌里,6400004
village,64000040030,秀昌里,6400004
village,64000040031,裕昌里,6400004
village,64000040032,國昌里,6400004
village,64000040033,加昌里,6400004
village,64000040034,仁昌里,6400004
village,64000040035,藍田里,6400004
village,64000040036,中興里,6400004
village,64000040037,中和里,6400004
village,64000040038,清翔里,6400004
village,64000040S01,,6400004
village,64000050001,鼎金里,6400005
village,64000050002,鼎盛里,6400005
village,64000050003,鼎強里,6400005
village,64000050004,鼎力里,6400005
village,64000050005,鼎西里,6400005
village,64000050006,鼎中里,6400005
village,64000050007,鼎泰里,6400005
village,64000050008,本館里,6400005
village,64000050009,本和里,6400005
village,64000050010,本文里,6400005
village,64000050011,本武里,6400005
village,64000050012,本元里,6400005
village,64000050013,本安里,6400005
village,64000050014,本上里,6400005
village,64000050015,本揚里,6400005
village,64000050016,寶獅里,6400005
village,64000050017,寶德里,6400005
village,64000050018,寶泰里,6400005
village,64000050019,寶興里,6400005
village,64000050020,寶中里,6400005
village,64000050021,寶華里,6400005
village,64000050022,寶國里,6400005
village,64000050023,寶民里,6400005
village,64000050024,寶慶里,6400005
village,64000050025,寶業里,6400005
village,64000050026,寶盛里,6400005
village,64000050027,寶安里,6400005
village,64000050028,寶龍里,6400005
village,64000050029,寶珠里,6400005
village,64000050030,寶玉里,6400005
village,64000050031,灣子里,6400005
village,64000050032,灣愛里,6400005
village,64000050033,灣中里,6400005
village,64000050034,灣華里,6400005
village,64000050035,灣勝里,6400005
village,64000050036,灣利里,6400005
village,64000050037,灣復里,6400005
village,64000050038,正興里,6400005
village,64000050039,正順里,6400005
village,64000050040,灣興里,6400005
village,64000050041,灣成里,6400005
village,64000050042,安康里,6400005
village,64000050043,安寧里,6400005
village,64000050044,安吉里,6400005
village,64000050045,安發里,6400005
village,64000050046,安東里,6400005
village,64000050047,安和里,6400005
village,64000050048,達德里,6400005
village,64000050049,達明里,6400005
village,64000050050,達仁里,6400005
village,64000050051,達勇里,6400005
village,64000050052,同德里,6400005
village,64000050053,德智里,6400005
village,64000050054,德仁里,6400005
village,64000050055,安生里,6400005
village,64000050056,德東里,6400005
village,64000050057,德行里,6400005
village,64000050058,精華里,6400005
village,64000050059,民享里,6400005
village,64000050060,安宜里,6400005
village,64000050061,安泰里,6400005
village,64000050062,安邦里,6400005
village,64000050063,十全里,6400005
village,64000050064,十美里,6400005
village,64000050065,德北里,6400005
village,64000050066,立誠里,6400005
village,64000050067,立業里,6400005
village,64000050068,港東里,6400005
village,64000050069,港新里,6400005
village,64000050070,港西里,6400005
village,64000050072,博愛里,6400005
village,64000050073,博惠里,6400005
village,64000050074,長明里,6400005
village,64000050075,建東里,6400005
village,64000050076,興德里,6400005
village,64000050077,鳳南里,6400005
village,64000050078,鳳北里,6400005
village,64000050079,德西里,6400005
village,64000050081,豐裕里,6400005
village,64000050082,川東里,6400005
village,64000050083,裕民里,6400005
village,64000050084,力行里,6400005
village,64000050085,千歲里,6400005
village,64000050086,立德里,6400005
village,64000050087,千北里,6400005
village,64000050088,千秋里,6400005
village,64000060001,浩然里,6400006
village,64000060002,振成里,6400006
village,64000060003,德生里,6400006
village,64000060004,振華里,6400006
village,64000060005,正氣里,6400006
village,64000060006,德政里,6400006
village,64000060007,仁聲里,6400006
village,64000060008,德望里,6400006
village,64000060009,華聲里,6400006
village,64000060010,蕉園里,6400006
village,64000060011,永寧里,6400006
village,64000060012,玉衡里,6400006
village,64000060013,順昌里,6400006
village,64000060014,文昌里,6400006
village,64000060015,光耀里,6400006
village,64000060016,興昌里,6400006
village,64000060017,開平里,6400006
village,64000060018,成功里,6400006
village,64000060019,新江里,6400006
village,64000060020,黎明里,6400006
village,64000060021,愛平里,6400006
village,64000060022,南港里,6400006
village,64000060023,中東里,6400006
village,64000060024,明莊里,6400006
village,64000060025,大明里,6400006
village,64000060026,秋山里,6400006
village,64000060027,長驛里,6400006
village,64000060028,建興里,6400006
village,64000060029,建華里,6400006
village,64000060030,漢民里,6400006
village,64000060031,榮治里,6400006
village,64000060032,東坡里,6400006
village,64000070001,三川里,6400007
village,64000070002,草江里,6400007
village,64000070003,長城里,6400007
village,64000070004,北金里,6400007
village,64000070005,東金里,6400007
village,64000070006,新生里,6400007
village,64000070007,後金里,6400007
village,64000070008,長興里,6400007
village,64000070009,青山里,6400007
village,64000070010,民生里,6400007
village,64000070011,復元里,6400007
village,64000070012,林投里,6400007
village,64000070013,國民里,6400007
village,64000070014,社東里,6400007
village,64000070015,社西里,6400007
village,64000070016,博孝里,6400007
village,64000070017,長生里,6400007
village,64000070018,榮復里,6400007
village,64000070019,文西里,6400007
village,64000070020,文東里,6400007
village,64000080001,博仁里,6400008
village,64000080002,苓洲里,6400008
village,64000080003,苓昇里,6400008
village,64000080004,苓中里,6400008
village,64000080005,苓雅里,6400008
village,64000080006,苓東里,6400008
village,64000080007,城北里,6400008
village,64000080008,城西里,6400008
village,64000080009,城東里,6400008
village,64000080010,意誠里,6400008
village,64000080011,鼓中里,6400008
village,64000080012,田西里,6400008
village,64000080013,人和里,6400008
village,64000080014,仁政里,6400008
village,64000080015,廣澤里,6400008
village,64000080016,美田里,6400008
village,64000080017,華堂里,6400008
village,64000080018,日中里,6400008
village,64000080019,普照里,6400008
village,64000080020,和煦里,6400008
village,64000080021,晴朗里,6400008
village,64000080022,普天里,6400008
village,64000080023,林富里,6400008
village,64000080024,林圍里,6400008
village,64000080025,林安里,6400008
village,64000080026,光華里,6400008
village,64000080027,林興里,6400008
village,64000080028,林華里,6400008
village,64000080029,林西里,6400008
village,64000080030,林中里,6400008
village,64000080031,林泉里,6400008
village,64000080032,林南里,6400008
village,64000080033,中正里,6400008
village,64000080034,尚義里,6400008
village,64000080035,同慶里,6400008
village,64000080036,凱旋里,6400008
village,64000080037,安祥里,6400008
village,64000080038,奏捷里,6400008
village,64000080039,福壽里,6400008
village,64000080040,福南里,6400008
village,64000080041,五權里,6400008
village,64000080042,民主里,6400008
village,64000080043,林德里,6400008
village,64000080044,林貴里,6400008
village,64000080045,林榮里,6400008
village,64000080046,英明里,6400008
village,64000080047,林靖里,6400008
village,64000080048,朝陽里,6400008
village,64000080049,福隆里,6400008
village,64000080050,福祥里,6400008
village,64000080051,福海里,6400008
village,64000080052,福康里,6400008
village,64000080053,福人里,6400008
village,64000080054,福地里,6400008
village,64000080055,福居里,6400008
village,64000080056,福東里,6400008
village,64000080057,福西里,6400008
village,64000080058,永康里,6400008
village,64000080059,正文里,6400008
village,64000080060,正言里,6400008
village,64000080061,正大里,6400008
village,64000080062,五福里,6400008
village,64000080063,正心里,6400008
village,64000080064,正道里,6400008
village,64000080065,正義里,6400008
village,64000080066,正仁里,6400008
village,64000080067,文昌里,6400008
village,64000080068,建軍里,6400008
village,64000080069,衛武里,6400008
village,64000080S01,,6400008
village,64000090001,草衙里,6400009
village,64000090002,明孝里,6400009
village,64000090003,明正里,6400009
village,64000090004,明義里,6400009
village,64000090005,仁愛里,6400009
village,64000090006,德昌里,6400009
village,64000090007,平等里,6400009
village,64000090008,平昌里,6400009
village,64000090009,明禮里,6400009
village,64000090010,信義里,6400009
village,64000090011,信德里,6400009
village,64000090012,明道里,6400009
village,64000090013,興化里,6400009
village,64000090014,興仁里,6400009
village,64000090015,前鎮里,6400009
village,64000090016,鎮東里,6400009
village,64000090017,鎮榮里,6400009
village,64000090018,鎮昌里,6400009
village,64000090019,鎮海里,6400009
village,64000090020,鎮陽里,6400009
village,64000090021,興邦里,6400009
village,64000090022,鎮中里,6400009
village,64000090023,鎮北里,6400009
village,64000090024,忠純里,6400009
village,64000090025,忠誠里,6400009
village,64000090028,西山里,6400009
village,64000090029,民權里,6400009
village,64000090030,建隆里,6400009
village,64000090031,振興里,6400009
village,64000090032,良和里,6400009
village,64000090033,西甲里,6400009
village,64000090034,盛興里,6400009
village,64000090035,盛豐里,6400009
village,64000090036,興中里,6400009
village,64000090037,興東里,6400009
village,64000090038,忠孝里,6400009
village,64000090039,復國里,6400009
village,64000090040,竹內里,6400009
village,64000090041,竹東里,6400009
village,64000090042,竹南里,6400009
village,64000090043,竹北里,6400009
village,64000090044,竹西里,6400009
village,64000090045,竹中里,6400009
village,64000090046,瑞竹里,6400009
village,64000090047,瑞南里,6400009
village,64000090048,瑞豐里,6400009
village,64000090049,瑞祥里,6400009
village,64000090050,瑞東里,6400009
village,64000090051,瑞和里,6400009
village,64000090052,瑞平里,6400009
village,64000090053,瑞隆里,6400009
village,64000090054,瑞北里,6400009
village,64000090055,瑞西里,6400009
village,64000090056,瑞崗里,6400009
village,64000090057,瑞興里,6400009
village,64000090058,瑞誠里,6400009
village,64000090059,瑞文里,6400009
village,64000090060,瑞華里,6400009
village,64000090061,瑞昌里,6400009
village,64000090S01,,6400009
village,64000100001,旗下里,6400010
village,64000100002,永安里,6400010
village,64000100003,振興里,6400010
village,64000100004,慈愛里,6400010
village,64000100005,復興里,6400010
village,64000100006,中華里,6400010
village,64000100007,實踐里,6400010
village,64000100008,北汕里,6400010
village,64000100009,南汕里,6400010
village,64000100010,上竹里,6400010
village,64000100011,中洲里,6400010
village,64000100012,安順里,6400010
village,64000100013,中興里,6400010
village,64000100I01,,6400010
village,64000100I02,,6400010
village,64000100S01,,6400010
village,64000110001,小港里,6400011
village,64000110002,港口里,6400011
village,64000110003,港正里,6400011
village,64000110004,港墘里,6400011
village,64000110005,港明里,6400011
village,64000110006,港后里,6400011
village,64000110007,港南里,6400011
village,64000110008,港興里,6400011
village,64000110009,鳳宮里,6400011
village,64000110010,店鎮里,6400011
village,64000110011,大苓里,6400011
village,64000110012,二苓里,6400011
village,64000110013,三苓里,6400011
village,64000110014,正苓里,6400011
village,64000110015,順苓里,6400011
village,64000110016,六苓里,6400011
village,64000110017,宏亮里,6400011
village,64000110018,山東里,6400011
village,64000110019,青島里,6400011
village,64000110020,濟南里,6400011
village,64000110021,泰山里,6400011
village,64000110022,山明里,6400011
village,64000110023,高松里,6400011
village,64000110024,松金里,6400011
village,64000110025,松山里,6400011
village,64000110026,大坪里,6400011
village,64000110027,坪頂里,6400011
village,64000110028,孔宅里,6400011
village,64000110029,廈莊里,6400011
village,64000110030,合作里,6400011
village,64000110031,桂林里,6400011
village,64000110032,中厝里,6400011
village,64000110033,鳳鳴里,6400011
village,64000110034,龍鳳里,6400011
village,64000110035,鳳森里,6400011
village,64000110036,鳳林里,6400011
village,64000110037,鳳興里,6400011
village,64000110038,鳳源里,6400011
village,64000110S01,,6400011
village,64000120002,成功里,6400012
village,64000120003,光明里,6400012
village,64000120004,興中里,6400012
village,64000120005,南興里,6400012
village,64000120006,和德里,6400012
village,64000120007,鳳崗里,6400012
village,64000120008,中和里,6400012
village,64000120009,鎮北里,6400012
village,64000120010,縣衙里,6400012
village,64000120011,文英里,6400012
village,64000120012,鎮西里,6400012
village,64000120013,鎮東里,6400012
village,64000120014,埤頂里,6400012
village,64000120015,中正里,6400012
village,64000120016,鎮南里,6400012
village,64000120017,老爺里,6400012
village,64000120018,瑞竹里,6400012
village,64000120019,忠義里,6400012
village,64000120020,誠義里,6400012
village,64000120021,新興里,6400012
village,64000120022,海光里,6400012
village,64000120024,忠誠里,6400012
village,64000120025,新甲里,6400012
village,64000120026,武漢里,6400012
village,64000120027,正義里,6400012
village,64000120028,一甲里,6400012
village,64000120029,福興里,6400012
village,64000120030,東門里,6400012
village,64000120031,瑞興里,6400012
village,64000120032,天興里,6400012
village,64000120033,新強里,6400012
village,64000120034,國泰里,6400012
village,64000120035,鳳東里,6400012
village,64000120036,新富里,6400012
village,64000120037,國光里,6400012
village,64000120038,國隆里,6400012
village,64000120039,文德里,6400012
village,64000120040,過埤里,6400012
village,64000120041,曹公里,6400012
village,64000120042,興仁里,6400012
village,64000120043,五福里,6400012
village,64000120044,忠孝里,6400012
village,64000120045,生明里,6400012
village,64000120046,和興里,6400012
village,64000120047,協和里,6400012
village,64000120048,文山里,6400012
village,64000120049,福誠里,6400012
village,64000120050,誠德里,6400012
village,64000120051,三民里,6400012
village,64000120053,北門里,6400012
village,64000120054,富甲里,6400012
village,64000120055,南成里,6400012
village,64000120056,文華里,6400012
village,64000120057,大德里,6400012
village,64000120058,武松里,6400012
village,64000120059,文衡里,6400012
village,64000120060,文福里,6400012
village,64000120061,誠信里,6400012
village,64000120062,誠智里,6400012
village,64000120063,國富里,6400012
village,64000120064,武慶里,6400012
village,64000120065,海洋里,6400012
village,64000120066,新武里,6400012
village,64000120067,新樂里,6400012
village,64000120068,新泰里,6400012
village,64000120069,中崙里,6400012
village,64000120070,中榮里,6400012
village,64000120071,中民里,6400012
village,64000120072,二甲里,6400012
village,64000120073,龍成里,6400012
village,64000120074,富榮里,6400012
village,64000120075,善美里,6400012
village,64000120076,南和里,6400012
village,64000120077,福祥里,6400012
village,64000120078,保安里,6400012
village,64000130001,東林里,6400013
village,64000130002,林園里,6400013
village,64000130003,溪州里,6400013
village,64000130004,潭頭里,6400013
village,64000130005,中厝里,6400013
village,64000130006,中門里,6400013
village,64000130007,頂厝里,6400013
village,64000130008,港埔里,6400013
village,64000130009,西溪里,6400013
village,64000130010,港嘴里,6400013
village,64000130011,北汕里,6400013
village,64000130012,林內里,6400013
village,64000130013,王公里,6400013
village,64000130014,林家里,6400013
village,64000130015,龔厝里,6400013
village,64000130016,鳳芸里,6400013
village,64000130017,中芸里,6400013
village,64000130018,東汕里,6400013
village,64000130019,西汕里,6400013
village,64000130020,仁愛里,6400013
village,64000130021,文賢里,6400013
village,64000130022,廣應里,6400013
village,64000130023,五福里,6400013
village,64000130024,中汕里,6400013
village,64000140001,拷潭里,6400014
village,64000140002,內坑里,6400014
village,64000140003,大寮里,6400014
village,64000140004,上寮里,6400014
village,64000140005,三隆里,6400014
village,64000140006,琉球里,6400014
village,64000140007,翁園里,6400014
village,64000140008,前庄里,6400014
village,64000140009,中庄里,6400014
village,64000140010,後庄里,6400014
village,64000140011,義仁里,6400014
village,64000140012,新厝里,6400014
village,64000140013,過溪里,6400014
village,64000140014,潮寮里,6400014
village,64000140015,會結里,6400014
village,64000140016,會社里,6400014
village,64000140017,山頂里,6400014
village,64000140018,忠義里,6400014
village,64000140019,永芳里,6400014
village,64000140020,義和里,6400014
village,64000140021,溪寮里,6400014
village,64000140022,江山里,6400014
village,64000140023,昭明里,6400014
village,64000140025,中興里,6400014
village,64000150001,竹寮里,6400015
village,64000150002,九曲里,6400015
village,64000150003,久堂里,6400015
village,64000150004,水安里,6400015
village,64000150005,水寮里,6400015
village,64000150006,檨腳里,6400015
village,64000150007,興山里,6400015
village,64000150008,和山里,6400015
village,64000150009,姑山里,6400015
village,64000150010,大坑里,6400015
village,64000150011,井腳里,6400015
village,64000150012,小坪里,6400015
village,64000150013,龍目里,6400015
village,64000150014,大樹里,6400015
village,64000150015,三和里,6400015
village,64000150016,溪埔里,6400015
village,64000150017,興田里,6400015
village,64000150018,統嶺里,6400015
village,64000160001,嘉誠里,6400016
village,64000160002,保社里,6400016
village,64000160003,大社里,6400016
village,64000160004,翠屏里,6400016
village,64000160005,三奶里,6400016
village,64000160006,觀音里,6400016
village,64000160007,神農里,6400016
village,64000160008,中里里,6400016
village,64000160009,保安里,6400016
village,64000170001,大灣里,6400017
village,64000170002,灣內里,6400017
village,64000170003,考潭里,6400017
village,64000170004,烏林里,6400017
village,64000170005,仁福里,6400017
village,64000170006,仁武里,6400017
village,64000170007,文武里,6400017
village,64000170008,竹後里,6400017
village,64000170009,八卦里,6400017
village,64000170010,高楠里,6400017
village,64000170011,後安里,6400017
village,64000170012,中華里,6400017
village,64000170013,五和里,6400017
village,64000170014,仁和里,6400017
village,64000170015,赤山里,6400017
village,64000170016,仁慈里,6400017
village,64000170017,八德里,6400017
village,64000180001,鳥松里,6400018
village,64000180002,夢裡里,6400018
village,64000180003,大華里,6400018
village,64000180004,坔埔里,6400018
village,64000180005,仁美里,6400018
village,64000180006,大竹里,6400018
village,64000180007,華美里,6400018
village,64000190001,平安里,6400019
village,64000190002,岡山里,6400019
village,64000190003,壽天里,6400019
village,64000190004,維仁里,6400019
village,64000190005,後紅里,6400019
village,64000190006,大遼里,6400019
village,64000190007,忠孝里,6400019
village,64000190008,和平里,6400019
village,64000190009,前峰里,6400019
village,64000190010,劉厝里,6400019
village,64000190011,協和里,6400019
village,64000190012,後協里,6400019
village,64000190013,信義里,6400019
village,64000190014,潭底里,6400019
village,64000190015,三和里,6400019
village,64000190016,仁壽里,6400019
village,64000190017,碧紅里,6400019
village,64000190018,程香里,6400019
village,64000190019,竹圍里,6400019
village,64000190020,台上里,6400019
village,64000190021,灣裡里,6400019
village,64000190022,白米里,6400019
village,64000190023,石潭里,6400019
village,64000190024,福興里,6400019
village,64000190025,本洲里,6400019
village,64000190026,嘉興里,6400019
village,64000190027,嘉峰里,6400019
village,64000190028,華崗里,6400019
village,64000190029,大莊里,6400019
village,64000190030,協榮里,6400019
village,64000190031,為隨里,6400019
village,64000190032,壽峰里,6400019
village,64000190033,仁義里,6400019
village,64000190S01,,6400019
village,64000200001,橋頭里,6400020
village,64000200002,橋南里,6400020
village,64000200003,仕隆里,6400020
village,64000200004,仕豐里,6400020
village,64000200005,芋寮里,6400020
village,64000200006,東林里,6400020
village,64000200007,西林里,6400020
village,64000200008,白樹里,6400020
village,64000200009,筆秀里,6400020
village,64000200010,新莊里,6400020
village,64000200011,甲北里,6400020
village,64000200012,甲南里,6400020
village,64000200013,頂鹽里,6400020
village,64000200014,中崎里,6400020
village,64000200015,仕和里,6400020
village,64000200016,德松里,6400020
village,64000200017,三德里,6400020
village,64000210001,尖山里,6400021
village,64000210002,瓊林里,6400021
village,64000210003,安招里,6400021
village,64000210004,角宿里,6400021
village,64000210005,鳳雄里,6400021
village,64000210006,金山里,6400021
village,64000210007,東燕里,6400021
village,64000210008,南燕里,6400021
village,64000210009,西燕里,6400021
village,64000210010,橫山里,6400021
village,64000210011,深水里,6400021
village,64000220001,鹿埔里,6400022
village,64000220002,南安里,6400022
village,64000220003,大同里,6400022
village,64000220004,田寮里,6400022
village,64000220005,七星里,6400022
village,64000220006,崇德里,6400022
village,64000220007,西德里,6400022
village,64000220008,三和里,6400022
village,64000220009,古亭里,6400022
village,64000220010,新興里,6400022
village,64000230001,石安里,6400023
village,64000230002,中路里,6400023
village,64000230003,峯山里,6400023
village,64000230004,港後里,6400023
village,64000230005,崗山里,6400023
village,64000230006,阿蓮里,6400023
village,64000230007,清蓮里,6400023
village,64000230008,和蓮里,6400023
village,64000230009,青旗里,6400023
village,64000230010,復安里,6400023
village,64000230011,玉庫里,6400023
village,64000230012,南蓮里,6400023
village,64000240001,竹滬里,6400024
village,64000240002,頂寮里,6400024
village,64000240003,新達里,6400024
village,64000240004,後鄉里,6400024
village,64000240005,北嶺里,6400024
village,64000240006,社西里,6400024
village,64000240007,甲北里,6400024
village,64000240008,甲南里,6400024
village,64000240009,下坑里,6400024
village,64000240010,竹園里,6400024
village,64000240011,竹東里,6400024
village,64000240012,竹西里,6400024
village,64000240013,文北里,6400024
village,64000240014,文南里,6400024
village,64000240015,三爺里,6400024
village,64000240016,鴨寮里,6400024
village,64000240017,社東里,6400024
village,64000240018,社中里,6400024
village,64000240019,竹南里,6400024
village,64000240020,社南里,6400024
village,64000250001,海山里,6400025
village,64000250002,劉家里,6400025
village,64000250003,太爺里,6400025
village,64000250004,公舘里,6400025
village,64000250005,葉厝里,6400025
village,64000250006,大湖里,6400025
village,64000250007,田尾里,6400025
village,64000250008,湖內里,6400025
village,64000250009,海埔里,6400025
village,64000250010,文賢里,6400025
village,64000250011,中賢里,6400025
village,64000250012,逸賢里,6400025
village,64000250013,忠興里,6400025
village,64000250014,湖東里,6400025
village,64000260001,福德里,6400026
village,64000260002,萬福里,6400026
village,64000260003,白雲里,6400026
village,64000260004,嘉賜里,6400026
village,64000260005,嘉安里,6400026
village,64000260006,嘉定里,6400026
village,64000260007,保定里,6400026
village,64000260008,光定里,6400026
village,64000260009,大定里,6400026
village,64000260010,吉定里,6400026
village,64000260011,嘉樂里,6400026
village,64000260012,嘉泰里,6400026
village,64000260013,嘉福里,6400026
village,64000260014,和協里,6400026
village,64000260015,崎漏里,6400026
village,64000270001,永安里,6400027
village,64000270002,永華里,6400027
village,64000270003,新港里,6400027
village,64000270004,鹽田里,6400027
village,64000270005,保寧里,6400027
village,64000270006,維新里,6400027
village,64000280001,光和里,6400028
village,64000280002,彌靖里,6400028
village,64000280003,彌仁里,6400028
village,64000280004,彌壽里,6400028
village,64000280005,彌陀里,6400028
village,64000280006,舊港里,6400028
village,64000280007,文安里,6400028
village,64000280008,鹽埕里,6400028
village,64000280009,過港里,6400028
village,64000280010,海尾里,6400028
village,64000280011,漯底里,6400028
village,64000280012,南寮里,6400028
village,64000290001,梓信里,6400029
village,64000290002,梓義里,6400029
village,64000290003,梓和里,6400029
village,64000290004,梓平里,6400029
village,64000290005,中崙里,6400029
village,64000290006,赤崁里,6400029
village,64000290007,禮蚵里,6400029
village,64000290008,智蚵里,6400029
village,64000290009,信蚵里,6400029
village,64000290010,同安里,6400029
village,64000290011,大舍里,6400029
village,64000290012,赤東里,6400029
village,64000290013,赤西里,6400029
village,64000290014,茄苳里,6400029
village,64000290015,典寶里,6400029
village,64000300001,太平里,6400030
village,64000300002,大德里,6400030
village,64000300003,湄洲里,6400030
village,64000300004,圓富里,6400030
village,64000300005,中正里,6400030
village,64000300006,大林里,6400030
village,64000300007,上洲里,6400030
village,64000300008,新光里,6400030
village,64000300009,南勝里,6400030
village,64000300010,中寮里,6400030
village,64000300011,東平里,6400030
village,64000300012,東昌里,6400030
village,64000300013,竹峰里,6400030
village,64000300014,瑞吉里,6400030
village,64000300015,永和里,6400030
village,64000300016,三協里,6400030
village,64000300017,鯤洲里,6400030
village,64000300018,大山里,6400030
village,64000300019,中洲里,6400030
village,64000300020,南洲里,6400030
village,64000300021,廣福里,6400030
village,64000310001,福安里,6400031
village,64000310002,合和里,6400031
village,64000310003,祿興里,6400031
village,64000310004,中壇里,6400031
village,64000310005,德興里,6400031
village,64000310006,龍山里,6400031
village,64000310007,獅山里,6400031
village,64000310008,龍肚里,6400031
village,64000310009,廣德里,6400031
village,64000310010,興隆里,6400031
village,64000310011,中圳里,6400031
village,64000310012,東門里,6400031
village,64000310013,泰安里,6400031
village,64000310014,瀰濃里,6400031
village,64000310015,清水里,6400031
village,64000310016,吉洋里,6400031
village,64000310017,吉和里,6400031
village,64000310018,吉東里,6400031
village,64000310019,廣林里,6400031
village,64000320001,新威里,6400032
village,64000320002,新興里,6400032
village,64000320003,新寮里,6400032
village,64000320004,新發里,6400032
village,64000320005,荖濃里,6400032
village,64000320006,六龜里,6400032
village,64000320007,義寶里,6400032
village,64000320008,興龍里,6400032
village,64000320009,中興里,6400032
village,64000320010,寶來里,6400032
village,64000320011,文武里,6400032
village,64000320012,大津里,6400032
village,64000330001,東安里,6400033
village,64000330002,西安里,6400033
village,64000330003,和安里,6400033
village,64000330004,大田里,6400033
village,64000330005,寶隆里,6400033
village,64000330006,關山里,6400033
village,64000330007,小林里,6400033
village,64000340001,杉林里,6400034
village,64000340002,木梓里,6400034
village,64000340003,集來里,6400034
village,64000340004,新庄里,6400034
village,64000340005,上平里,6400034
village,64000340006,月眉里,6400034
village,64000340007,月美里,6400034
village,64000340008,大愛里,6400034
village,64000350001,溝坪里,6400035
village,64000350002,金竹里,6400035
village,64000350003,永富里,6400035
village,64000350004,永吉里,6400035
village,64000350005,永興里,6400035
village,64000350006,石坑里,6400035
village,64000350007,內門里,6400035
village,64000350008,內豊里,6400035
village,64000350009,觀亭里,6400035
village,64000350010,中埔里,6400035
village,64000350011,內東里,6400035
village,64000350012,內南里,6400035
village,64000350013,東埔里,6400035
village,64000350014,三平里,6400035
village,64000350015,木柵里,6400035
village,64000350016,內興里,6400035
village,64000350017,瑞山里,6400035
village,64000350018,光興里,6400035
village,64000360001,茂林里,6400036
village,64000360002,萬山里,6400036
village,64000360003,多納里,6400036
village,64000370001,桃源里,6400037
village,64000370002,寶山里,6400037
village,64000370003,建山里,6400037
village,64000370004,高中里,6400037
village,64000370005,勤和里,6400037
village,64000370006,復興里,6400037
village,64000370007,拉芙蘭里,6400037
village,64000370008,梅山里,6400037
village,64000380001,達卡努瓦里,6400038
village,64000380002,瑪雅里,6400038
village,64000380003,南沙魯里,6400038
village,64000380004,瑪星哈蘭里,6400038
village,65000050001,海山里,6500005
village,65000050002,頭前里,6500005
village,65000050003,國泰里,6500005
village,65000050004,全安里,6500005
village,65000050005,福基里,6500005
village,65000050006,豐年里,6500005
village,65000050007,忠孝里,6500005
village,65000050008,恆安里,6500005
village,65000050009,後港里,6500005
village,65000050010,文衡里,6500005
village,65000050011,中美里,6500005
village,65000050012,八德里,6500005
village,65000050013,興漢里,6500005
village,65000050014,中和里,6500005
village,65000050015,西盛里,6500005
village,65000050016,榮和里,6500005
village,65000050017,中泰里,6500005
village,65000050018,瓊林里,6500005
village,65000050019,文德里,6500005
village,65000050020,中誠里,6500005
village,65000050021,裕民里,6500005
village,65000050022,文明里,6500005
village,65000050023,中港里,6500005
village,65000050024,富國里,6500005
village,65000050025,思源里,6500005
village,65000050026,立人里,6500005
village,65000050027,南港里,6500005
village,65000050028,仁愛里,6500005
village,65000050029,立德里,6500005
village,65000050030,信義里,6500005
village,65000050031,立言里,6500005
village,65000050032,民安里,6500005
village,65000050033,和平里,6500005
village,65000050034,立功里,6500005
village,65000050035,民本里,6500005
village,65000050036,化成里,6500005
village,65000050037,立志里,6500005
village,65000050038,光華里,6500005
village,65000050039,思賢里,6500005
village,65000050040,營盤里,6500005
village,65000050041,光榮里,6500005
village,65000050042,自強里,6500005
village,65000050043,丹鳳里,6500005
village,65000050044,光明里,6500005
village,65000050045,自立里,6500005
village,65000050046,合鳳里,6500005
village,65000050047,幸福里,6500005
village,65000050048,雙鳳里,6500005
village,65000050049,自信里,6500005
village,65000050050,龍鳳里,6500005
village,65000050051,中華里,6500005
village,65000050052,中隆里,6500005
village,65000050053,中原里,6500005
village,65000050054,中信里,6500005
village,65000050055,四維里,6500005
village,65000050056,建福里,6500005
village,65000050057,中宏里,6500005
village,65000050058,中全里,6500005
village,65000050059,立泰里,6500005
village,65000050060,全泰里,6500005
village,65000050061,仁義里,6500005
village,65000050062,立基里,6500005
village,65000050063,昌明里,6500005
village,65000050064,昌平里,6500005
village,65000050065,文聖里,6500005
village,65000050066,萬安里,6500005
village,65000050067,龍安里,6500005
village,65000050068,福營里,6500005
village,65000050069,後德里,6500005
village,65000050070,建安里,6500005
village,65000050071,成德里,6500005
village,65000050072,福興里,6500005
village,65000050073,昌信里,6500005
village,65000050074,昌隆里,6500005
village,65000050075,中平里,6500005
village,65000050076,立廷里,6500005
village,65000050077,泰豐里,6500005
village,65000050078,富民里,6500005
village,65000050079,龍福里,6500005
village,65000050080,祥鳳里,6500005
village,65000050081,民全里,6500005
village,65000050082,民有里,6500005
village,65000050083,光正里,6500005
village,65000050084,光和里,6500005
village,65000170001,東林里,6500017
village,65000170002,林口里,6500017
village,65000170003,西林里,6500017
village,65000170004,菁湖里,6500017
village,65000170005,中湖里,6500017
village,65000170006,湖北里,6500017
village,65000170007,湖南里,6500017
village,65000170008,南勢里,6500017
village,65000170009,東勢里,6500017
village,65000170010,頂福里,6500017
village,65000170011,下福里,6500017
village,65000170012,嘉寶里,6500017
village,65000170013,瑞平里,6500017
village,65000170014,太平里,6500017
village,65000170015,仁愛里,6500017
village,65000170016,麗林里,6500017
village,65000170017,麗園里,6500017
village,65000170018,新林里,6500017
village,65000170019,力行里,6500017
village,65000170020,頭湖里,6500017
village,65000170021,文湖里,6500017
village,65000170P01,,6500017
village,65000150001,興珍里,6500015
village,65000150002,更寮里,6500015
village,65000150003,集福里,6500015
village,65000150004,觀音里,6500015
village,65000150005,成州里,6500015
village,65000150006,成功里,6500015
village,65000150007,五龍里,6500015
village,65000150008,五股里,6500015
village,65000150009,五福里,6500015
village,65000150010,德音里,6500015
village,65000150011,陸一里,6500015
village,65000150012,貿商里,6500015
village,65000150013,德泰里,6500015
village,65000150014,成德里,6500015
village,65000150015,六福里,6500015
village,65000150016,集賢里,6500015
village,65000150017,民義里,6500015
village,65000150018,成泰里,6500015
village,65000150019,水碓里,6500015
village,65000150020,福德里,6500015
village,65000150021,芳洲里,6500015
village,65000140001,正義里,6500014
village,65000140002,中原里,6500014
village,65000140003,中路里,6500014
village,65000140004,光華里,6500014
village,65000140005,保佑里,6500014
village,65000140006,水湳里,6500014
village,65000140007,樓厝里,6500014
village,65000140008,鷺江里,6500014
village,65000140009,恆德里,6500014
village,65000140010,溪墘里,6500014
village,65000140011,樹德里,6500014
village,65000140012,保和里,6500014
village,65000140013,仁復里,6500014
village,65000140014,得勝里,6500014
village,65000140015,南港里,6500014
village,65000140016,永樂里,6500014
village,65000140017,永康里,6500014
village,65000140018,信義里,6500014
village,65000140019,玉清里,6500014
village,65000140020,復興里,6500014
village,65000140021,水河里,6500014
village,65000140022,仁愛里,6500014
village,65000140023,忠義里,6500014
village,65000140024,九芎里,6500014
village,65000140025,中華里,6500014
village,65000140026,得仁里,6500014
village,65000140027,仁德里,6500014
village,65000140028,仁義里,6500014
village,65000140029,光明里,6500014
village,65000140030,保新里,6500014
village,65000140031,長安里,6500014
village,65000140032,民和里,6500014
village,65000140033,忠孝里,6500014
village,65000140034,福安里,6500014
village,65000140035,永安里,6500014
village,65000140036,延平里,6500014
village,65000140037,成功里,6500014
village,65000140038,永德里,6500014
village,65000140R01,,6500014
village,65000020001,大有里,6500002
village,65000020002,二重里,6500002
village,65000020003,頂崁里,6500002
village,65000020004,谷王里,6500002
village,65000020005,中興里,6500002
village,65000020006,德厚里,6500002
village,65000020007,成功里,6500002
village,65000020008,福祉里,6500002
village,65000020009,福民里,6500002
village,65000020010,過田里,6500002
village,65000020011,錦田里,6500002
village,65000020012,重明里,6500002
village,65000020013,光田里,6500002
village,65000020014,光陽里,6500002
village,65000020015,田心里,6500002
village,65000020016,福田里,6500002
village,65000020017,田中里,6500002
village,65000020018,田安里,6500002
village,65000020019,三民里,6500002
village,65000020020,光明里,6500002
village,65000020021,光正里,6500002
village,65000020022,同安里,6500002
village,65000020023,同慶里,6500002
village,65000020024,菜寮里,6500002
village,65000020025,永春里,6500002
village,65000020026,中正里,6500002
village,65000020027,吉利里,6500002
village,65000020028,大同里,6500002
village,65000020029,中民里,6500002
village,65000020030,平和里,6500002
village,65000020031,大安里,6500002
village,65000020032,仁德里,6500002
village,65000020033,忠孝里,6500002
village,65000020034,仁義里,6500002
village,65000020035,光榮里,6500002
village,65000020036,光輝里,6500002
village,65000020037,福星里,6500002
village,65000020038,福利里,6500002
village,65000020039,清和里,6500002
village,65000020040,永興里,6500002
village,65000020041,中山里,6500002
village,65000020042,大園里,6500002
village,65000020043,國隆里,6500002
village,65000020044,重陽里,6500002
village,65000020045,民生里,6500002
village,65000020046,重新里,6500002
village,65000020047,正德里,6500002
village,65000020048,正義里,6500002
village,65000020049,正安里,6500002
village,65000020050,自強里,6500002
village,65000020051,文化里,6500002
village,65000020052,中央里,6500002
village,65000020053,雙園里,6500002
village,65000020054,錦通里,6500002
village,65000020055,錦安里,6500002
village,65000020056,長安里,6500002
village,65000020057,光華里,6500002
village,65000020058,長生里,6500002
village,65000020059,開元里,6500002
village,65000020060,大德里,6500002
village,65000020061,長元里,6500002
village,65000020062,長江里,6500002
village,65000020063,長泰里,6500002
village,65000020064,長福里,6500002
village,65000020065,介壽里,6500002
village,65000020066,萬壽里,6500002
village,65000020067,錦江里,6500002
village,65000020068,龍濱里,6500002
village,65000020069,龍門里,6500002
village,65000020070,秀江里,6500002
village,65000020071,奕壽里,6500002
village,65000020072,三安里,6500002
village,65000020073,福安里,6500002
village,65000020074,信安里,6500002
village,65000020075,安慶里,6500002
village,65000020076,幸福里,6500002
village,65000020077,六合里,6500002
village,65000020078,六福里,6500002
village,65000020079,順德里,6500002
village,65000020080,承德里,6500002
village,65000020081,瑞德里,6500002
village,65000020082,崇德里,6500002
village,65000020083,厚德里,6500002
village,65000020084,維德里,6500002
village,65000020085,尚德里,6500002
village,65000020086,培德里,6500002
village,65000020087,永德里,6500002
village,65000020088,永盛里,6500002
village,65000020089,永福里,6500002
village,65000020090,永清里,6500002
village,65000020091,永安里,6500002
village,65000020092,永煇里,6500002
village,65000020093,溪美里,6500002
village,65000020094,福隆里,6500002
village,65000020095,五常里,6500002
village,65000020096,五福里,6500002
village,65000020097,仁忠里,6500002
village,65000020098,慈福里,6500002
village,65000020099,慈生里,6500002
village,65000020100,慈惠里,6500002
village,65000020101,慈愛里,6500002
village,65000020102,慈化里,6500002
village,65000020103,慈祐里,6500002
village,65000020104,五華里,6500002
village,65000020105,富貴里,6500002
village,65000020106,富華里,6500002
village,65000020107,富福里,6500002
village,65000020108,碧華里,6500002
village,65000020109,五谷里,6500002
village,65000020110,博愛里,6500002
village,65000020111,福德里,6500002
village,65000020112,永吉里,6500002
village,65000020113,永發里,6500002
village,65000020114,永順里,6500002
village,65000020115,永豐里,6500002
village,65000020116,立德里,6500002
village,65000020117,福樂里,6500002
village,65000020118,仁華里,6500002
village,65000020119,五順里,6500002
village,65000020R01,,6500002
village,65000160001,大科里,6500016
village,65000160002,黎明里,6500016
village,65000160003,山腳里,6500016
village,65000160004,福泰里,6500016
village,65000160005,楓樹里,6500016
village,65000160006,同榮里,6500016
village,65000160007,義學里,6500016
village,65000160008,明志里,6500016
village,65000160009,貴子里,6500016
village,65000160010,貴和里,6500016
village,65000160011,同興里,6500016
village,65000160012,義仁里,6500016
village,65000160013,泰友里,6500016
village,65000160014,新明里,6500016
village,65000160015,貴賢里,6500016
village,65000160016,福興里,6500016
village,65000160017,全興里,6500016
village,65000060001,國豐里,6500006
village,65000060002,明德里,6500006
village,65000060003,大豐里,6500006
village,65000060004,大同里,6500006
village,65000060005,江陵里,6500006
village,65000060006,寶興里,6500006
village,65000060007,寶安里,6500006
village,65000060008,信義里,6500006
village,65000060009,忠孝里,6500006
village,65000060010,大鵬里,6500006
village,65000060011,太平里,6500006
village,65000060012,頂城里,6500006
village,65000060013,下城里,6500006
village,65000060014,柴埕里,6500006
village,65000060015,永安里,6500006
village,65000060016,公崙里,6500006
village,65000060017,德安里,6500006
village,65000060018,雙城里,6500006
village,65000060019,日興里,6500006
village,65000060020,玫瑰里,6500006
village,65000060021,塗潭里,6500006
village,65000060022,美潭里,6500006
village,65000060023,員潭里,6500006
village,65000060024,雙坑里,6500006
village,65000060025,粗坑里,6500006
village,65000060026,屈尺里,6500006
village,65000060027,龜山里,6500006
village,65000060028,廣興里,6500006
village,65000060029,直潭里,6500006
village,65000060030,青潭里,6500006
village,65000060031,新店里,6500006
village,65000060032,張南里,6500006
village,65000060033,國校里,6500006
village,65000060034,文中里,6500006
village,65000060035,廣明里,6500006
village,65000060036,文明里,6500006
village,65000060037,中興里,6500006
village,65000060038,新生里,6500006
village,65000060039,新德里,6500006
village,65000060040,張北里,6500006
village,65000060041,五峯里,6500006
village,65000060042,新安里,6500006
village,65000060043,忠誠里,6500006
village,65000060044,中正里,6500006
village,65000060045,中華里,6500006
village,65000060046,仁愛里,6500006
village,65000060047,百忍里,6500006
village,65000060048,百和里,6500006
village,65000060049,福德里,6500006
village,65000060050,百福里,6500006
village,65000060051,福民里,6500006
village,65000060052,中山里,6500006
village,65000060053,和平里,6500006
village,65000060054,中央里,6500006
village,65000060055,明城里,6500006
village,65000060056,安和里,6500006
village,65000060057,吉祥里,6500006
village,65000060058,寶福里,6500006
village,65000060059,小城里,6500006
village,65000060060,香坡里,6500006
village,65000060061,建國里,6500006
village,65000060062,復興里,6500006
village,65000060063,美城里,6500006
village,65000060064,安昌里,6500006
village,65000060065,長春里,6500006
village,65000060066,新和里,6500006
village,65000060067,永平里,6500006
village,65000060068,達觀里,6500006
village,65000060069,華城里,6500006
village,65000190001,石碇里,6500019
village,65000190002,潭邊里,6500019
village,65000190003,隆盛里,6500019
village,65000190004,烏塗里,6500019
village,65000190005,彭山里,6500019
village,65000190006,豐田里,6500019
village,65000190007,永定里,6500019
village,65000190008,中民里,6500019
village,65000190009,光明里,6500019
village,65000190010,豐林里,6500019
village,65000190011,永安里,6500019
village,65000190012,格頭里,6500019
village,65000180001,深坑里,6500018
village,65000180002,萬順里,6500018
village,65000180003,土庫里,6500018
village,65000180004,昇高里,6500018
village,65000180005,阿柔里,6500018
village,65000180006,埔新里,6500018
village,65000180007,萬福里,6500018
village,65000180008,賴仲里,6500018
village,65000200001,粗窟里,6500020
village,65000200002,坪林里,6500020
village,65000200003,大林里,6500020
village,65000200004,石[曹]里,6500020
village,65000200005,上德里,6500020
village,65000200006,水德里,6500020
village,65000200007,漁光里,6500020
village,65000290001,烏來里,6500029
village,65000290002,忠治里,6500029
village,65000290003,福山里,6500029
village,65000290004,信賢里,6500029
village,65000290005,孝義里,6500029
village,65000010001,留侯里,6500001
village,65000010002,流芳里,6500001
village,65000010003,赤松里,6500001
village,65000010004,黃石里,6500001
village,65000010005,挹秀里,6500001
village,65000010006,湳興里,6500001
village,65000010007,新興里,6500001
village,65000010008,社後里,6500001
village,65000010009,香社里,6500001
village,65000010010,中正里,6500001
village,65000010011,自強里,6500001
village,65000010012,自立里,6500001
village,65000010013,光華里,6500001
village,65000010014,國光里,6500001
village,65000010015,港尾里,6500001
village,65000010016,金華里,6500001
village,65000010017,港德里,6500001
village,65000010018,民權里,6500001
village,65000010019,建國里,6500001
village,65000010020,漢生里,6500001
village,65000010021,公舘里,6500001
village,65000010022,新民里,6500001
village,65000010023,幸福里,6500001
village,65000010024,忠誠里,6500001
village,65000010025,百壽里,6500001
village,65000010026,介壽里,6500001
village,65000010027,新埔里,6500001
village,65000010028,華江里,6500001
village,65000010029,江翠里,6500001
village,65000010030,純翠里,6500001
village,65000010031,溪頭里,6500001
village,65000010032,聯翠里,6500001
village,65000010033,宏翠里,6500001
village,65000010034,仁翠里,6500001
village,65000010035,新翠里,6500001
village,65000010036,吉翠里,6500001
village,65000010037,德翠里,6500001
village,65000010038,滿翠里,6500001
village,65000010039,明翠里,6500001
village,65000010040,松翠里,6500001
village,65000010041,柏翠里,6500001
village,65000010042,龍翠里,6500001
village,65000010043,華翠里,6500001
village,65000010044,忠翠里,6500001
village,65000010045,嵐翠里,6500001
village,65000010046,文翠里,6500001
village,65000010047,青翠里,6500001
village,65000010048,懷翠里,6500001
village,65000010049,福翠里,6500001
village,65000010050,港嘴里,6500001
village,65000010051,振興里,6500001
village,65000010052,振義里,6500001
village,65000010053,光復里,6500001
village,65000010054,埔墘里,6500001
village,65000010055,長壽里,6500001
village,65000010056,福壽里,6500001
village,65000010057,海山里,6500001
village,65000010058,九如里,6500001
village,65000010059,玉光里,6500001
village,65000010060,光仁里,6500001
village,65000010061,埤墘里,6500001
village,65000010062,永安里,6500001
village,65000010063,雙玉里,6500001
village,65000010064,廣新里,6500001
village,65000010065,深丘里,6500001
village,65000010066,香丘里,6500001
village,65000010067,西安里,6500001
village,65000010068,東丘里,6500001
village,65000010069,長安里,6500001
village,65000010070,福丘里,6500001
village,65000010071,福祿里,6500001
village,65000010072,民族里,6500001
village,65000010073,國泰里,6500001
village,65000010074,福德里,6500001
village,65000010075,景星里,6500001
village,65000010076,福星里,6500001
village,65000010077,鄉雲里,6500001
village,65000010078,廣德里,6500001
village,65000010079,大豐里,6500001
village,65000010080,重慶里,6500001
village,65000010081,仁愛里,6500001
village,65000010082,和平里,6500001
village,65000010083,廣福里,6500001
village,65000010084,華興里,6500001
village,65000010085,華貴里,6500001
village,65000010086,華德里,6500001
village,65000010087,華東里,6500001
village,65000010088,信義里,6500001
village,65000010089,浮洲里,6500001
village,65000010090,華中里,6500001
village,65000010091,僑中里,6500001
village,65000010092,中山里,6500001
village,65000010093,復興里,6500001
village,65000010094,大安里,6500001
village,65000010095,福安里,6500001
village,65000010096,聚安里,6500001
village,65000010097,龍安里,6500001
village,65000010098,崑崙里,6500001
village,65000010099,溪洲里,6500001
village,65000010100,溪北里,6500001
village,65000010101,香雅里,6500001
village,65000010102,新生里,6500001
village,65000010103,文德里,6500001
village,65000010104,文化里,6500001
village,65000010105,新海里,6500001
village,65000010106,莒光里,6500001
village,65000010107,富貴里,6500001
village,65000010108,正泰里,6500001
village,65000010109,民生里,6500001
village,65000010110,後埔里,6500001
village,65000010111,華福里,6500001
village,65000010112,堂春里,6500001
village,65000010113,成和里,6500001
village,65000010114,光榮里,6500001
village,65000010115,民安里,6500001
village,65000010116,陽明里,6500001
village,65000010117,朝陽里,6500001
village,65000010118,松柏里,6500001
village,65000010119,文聖里,6500001
village,65000010120,居仁里,6500001
village,65000010121,莊敬里,6500001
village,65000010122,東安里,6500001
village,65000010123,五權里,6500001
village,65000010124,溪福里,6500001
village,65000010125,大觀里,6500001
village,65000010126,歡園里,6500001
village,65000090001,三峽里,6500009
village,65000090002,秀川里,6500009
village,65000090003,八張里,6500009
village,65000090004,中埔里,6500009
village,65000090005,弘道里,6500009
village,65000090006,永舘里,6500009
village,65000090007,礁溪里,6500009
village,65000090008,鳶山里,6500009
village,65000090009,龍埔里,6500009
village,65000090010,大埔里,6500009
village,65000090011,嘉添里,6500009
village,65000090012,添福里,6500009
village,65000090013,金圳里,6500009
village,65000090014,五寮里,6500009
village,65000090015,插角里,6500009
village,65000090016,有木里,6500009
village,65000090017,溪北里,6500009
village,65000090018,溪南里,6500009
village,65000090019,溪東里,6500009
village,65000090020,成福里,6500009
village,65000090021,安坑里,6500009
village,65000090022,竹崙里,6500009
village,65000090023,介壽里,6500009
village,65000090024,安溪里,6500009
village,65000090025,中正里,6500009
village,65000090026,二鬮里,6500009
village,65000090027,龍學里,6500009
village,65000090028,龍恩里,6500009
village,65000080001,東鶯里,6500008
village,65000080002,西鶯里,6500008
village,65000080003,南鶯里,6500008
village,65000080004,北鶯里,6500008
village,65000080005,中鶯里,6500008
village,65000080006,建德里,6500008
village,65000080007,同慶里,6500008
village,65000080008,永昌里,6500008
village,65000080009,南靖里,6500008
village,65000080010,尖山里,6500008
village,65000080011,二橋里,6500008
village,65000080012,二甲里,6500008
village,65000080013,東湖里,6500008
village,65000080014,大湖里,6500008
village,65000080015,鳳鳴里,6500008
village,65000080016,鳳福里,6500008
village,65000080017,永吉里,6500008
village,65000080018,中湖里,6500008
village,65000080019,鳳祥里,6500008
village,65000080020,建國里,6500008
village,65000070001,三多里,6500007
village,65000070002,三福里,6500007
village,65000070003,三興里,6500007
village,65000070004,圳安里,6500007
village,65000070005,保安里,6500007
village,65000070006,潭底里,6500007
village,65000070007,[獇]寮里,6500007
village,65000070008,樹德里,6500007
village,65000070009,樹西里,6500007
village,65000070010,樹南里,6500007
village,65000070011,樹人里,6500007
village,65000070012,坡內里,6500007
village,65000070013,樹東里,6500007
village,65000070014,大同里,6500007
village,65000070015,和平里,6500007
village,65000070016,彭厝里,6500007
village,65000070017,彭福里,6500007
village,65000070018,東山里,6500007
village,65000070019,東陽里,6500007
village,65000070020,東昇里,6500007
village,65000070021,樂山里,6500007
village,65000070022,東園里,6500007
village,65000070023,西園里,6500007
village,65000070024,南園里,6500007
village,65000070025,北園里,6500007
village,65000070026,柑園里,6500007
village,65000070027,樹北里,6500007
village,65000070028,圳福里,6500007
village,65000070029,樹興里,6500007
village,65000070030,樹福里,6500007
village,65000070031,光興里,6500007
village,65000070032,金寮里,6500007
village,65000070033,彭興里,6500007
village,65000070034,文林里,6500007
village,65000070035,山佳里,6500007
village,65000070036,中山里,6500007
village,65000070037,育英里,6500007
village,65000070038,中華里,6500007
village,65000070039,太順里,6500007
village,65000070040,圳民里,6500007
village,65000070041,圳生里,6500007
village,65000070042,三龍里,6500007
village,65000030001,中原里,6500003
village,65000030002,平河里,6500003
village,65000030003,信和里,6500003
village,65000030004,仁和里,6500003
village,65000030005,中正里,6500003
village,65000030006,建和里,6500003
village,65000030007,連和里,6500003
village,65000030008,連城里,6500003
village,65000030009,力行里,6500003
village,65000030010,枋寮里,6500003
village,65000030011,漳和里,6500003
village,65000030012,廟美里,6500003
village,65000030013,福真里,6500003
village,65000030014,福善里,6500003
village,65000030015,福美里,6500003
village,65000030016,福祥里,6500003
village,65000030017,瓦[磘]里,6500003
village,65000030018,福和里,6500003
village,65000030019,佳和里,6500003
village,65000030020,安樂里,6500003
village,65000030021,安和里,6500003
village,65000030022,安平里,6500003
village,65000030023,中安里,6500003
village,65000030024,泰安里,6500003
village,65000030025,新南里,6500003
village,65000030026,南山里,6500003
village,65000030027,秀山里,6500003
village,65000030028,秀成里,6500003
village,65000030029,秀福里,6500003
village,65000030030,秀景里,6500003
village,65000030031,秀明里,6500003
village,65000030032,秀峰里,6500003
village,65000030033,秀仁里,6500003
village,65000030034,頂南里,6500003
village,65000030035,華新里,6500003
village,65000030036,東南里,6500003
village,65000030037,華南里,6500003
village,65000030038,忠孝里,6500003
village,65000030039,崇南里,6500003
village,65000030040,景南里,6500003
village,65000030041,橫路里,6500003
village,65000030042,內南里,6500003
village,65000030043,壽南里,6500003
village,65000030044,外南里,6500003
village,65000030045,復興里,6500003
village,65000030046,和興里,6500003
village,65000030047,景平里,6500003
village,65000030048,景新里,6500003
village,65000030049,景福里,6500003
village,65000030050,景安里,6500003
village,65000030051,景文里,6500003
village,65000030052,錦和里,6500003
village,65000030053,錦昌里,6500003
village,65000030054,灰[磘]里,6500003
village,65000030055,積穗里,6500003
village,65000030056,民享里,6500003
village,65000030057,員山里,6500003
village,65000030058,嘉穗里,6500003
village,65000030059,文元里,6500003
village,65000030060,嘉新里,6500003
village,65000030061,民安里,6500003
village,65000030062,安穗里,6500003
village,65000030063,瑞穗里,6500003
village,65000030064,明穗里,6500003
village,65000030065,清穗里,6500003
village,65000030066,自強里,6500003
village,65000030067,德穗里,6500003
village,65000030068,民生里,6500003
village,65000030069,國光里,6500003
village,65000030070,壽德里,6500003
village,65000030071,明德里,6500003
village,65000030072,秀水里,6500003
village,65000030073,德行里,6500003
village,65000030074,宜安里,6500003
village,65000030075,安順里,6500003
village,65000030076,秀義里,6500003
village,65000030077,秀士里,6500003
village,65000030078,興南里,6500003
village,65000030079,景本里,6500003
village,65000030080,福南里,6500003
village,65000030081,中興里,6500003
village,65000030082,吉興里,6500003
village,65000030083,中山里,6500003
village,65000030084,碧河里,6500003
village,65000030085,錦中里,6500003
village,65000030086,錦盛里,6500003
village,65000030087,民有里,6500003
village,65000030088,員富里,6500003
village,65000030089,嘉慶里,6500003
village,65000030090,冠穗里,6500003
village,65000030091,國華里,6500003
village,65000030092,正南里,6500003
village,65000030093,正行里,6500003
village,65000130001,埤塘里,6500013
village,65000130002,土城里,6500013
village,65000130003,員林里,6500013
village,65000130004,員仁里,6500013
village,65000130005,長風里,6500013
village,65000130006,日新里,6500013
village,65000130007,日和里,6500013
village,65000130008,貨饒里,6500013
village,65000130009,柑林里,6500013
village,65000130010,埤林里,6500013
village,65000130011,瑞興里,6500013
village,65000130012,清水里,6500013
village,65000130013,清和里,6500013
village,65000130014,永豐里,6500013
village,65000130015,清化里,6500013
village,65000130016,清溪里,6500013
village,65000130017,峯廷里,6500013
village,65000130018,平和里,6500013
village,65000130019,廷寮里,6500013
village,65000130020,大安里,6500013
village,65000130021,永寧里,6500013
village,65000130022,沛陂里,6500013
village,65000130023,頂埔里,6500013
village,65000130024,頂福里,6500013
village,65000130025,頂新里,6500013
village,65000130026,祖田里,6500013
village,65000130027,樂利里,6500013
village,65000130028,廣福里,6500013
village,65000130029,學府里,6500013
village,65000130030,延壽里,6500013
village,65000130031,安和里,6500013
village,65000130032,青雲里,6500013
village,65000130033,員福里,6500013
village,65000130034,延吉里,6500013
village,65000130035,復興里,6500013
village,65000130036,裕生里,6500013
village,65000130037,員信里,6500013
village,65000130038,永富里,6500013
village,65000130039,學成里,6500013
village,65000130040,延和里,6500013
village,65000130041,中正里,6500013
village,65000130042,學士里,6500013
village,65000130043,明德里,6500013
village,65000130044,廣興里,6500013
village,65000130045,青山里,6500013
village,65000130046,金城里,6500013
village,65000130047,延祿里,6500013
village,65000120001,龍潭里,6500012
village,65000120002,龍興里,6500012
village,65000120003,龍鎮里,6500012
village,65000120004,龍川里,6500012
village,65000120005,龍山里,6500012
village,65000120006,龍安里,6500012
village,65000120007,爪峯里,6500012
village,65000120008,柑坪里,6500012
village,65000120009,東和里,6500012
village,65000120010,上天里,6500012
village,65000120011,吉慶里,6500012
village,65000120012,吉安里,6500012
village,65000120013,傑魚里,6500012
village,65000120014,猴硐里,6500012
village,65000120015,光復里,6500012
village,65000120016,弓橋里,6500012
village,65000120017,碩仁里,6500012
village,65000120018,基山里,6500012
village,65000120019,永慶里,6500012
village,65000120020,崇文里,6500012
village,65000120021,福住里,6500012
village,65000120022,頌德里,6500012
village,65000120023,新山里,6500012
village,65000120024,瓜山里,6500012
village,65000120025,銅山里,6500012
village,65000120026,石山里,6500012
village,65000120027,濂新里,6500012
village,65000120028,濂洞里,6500012
village,65000120029,海濱里,6500012
village,65000120030,瑞濱里,6500012
village,65000120031,深澳里,6500012
village,65000120032,南雅里,6500012
village,65000120033,鼻頭里,6500012
village,65000120034,新峰里,6500012
village,65000120P01,,6500012
village,65000120P02,,6500012
village,65000120P03,,6500012
village,65000240001,薯榔里,6500024
village,65000240002,菁桐里,6500024
village,65000240003,白石里,6500024
village,65000240004,石底里,6500024
village,65000240005,平溪里,6500024
village,65000240006,嶺腳里,6500024
village,65000240007,東勢里,6500024
village,65000240008,望古里,6500024
village,65000240009,南山里,6500024
village,65000240010,平湖里,6500024
village,65000240011,十分里,6500024
village,65000240012,新寮里,6500024
village,65000250001,雙溪里,6500025
village,65000250002,共和里,6500025
village,65000250003,新基里,6500025
village,65000250004,魚行里,6500025
village,65000250005,三港里,6500025
village,65000250006,牡丹里,6500025
village,65000250007,三貂里,6500025
village,65000250008,平林里,6500025
village,65000250009,上林里,6500025
village,65000250010,外柑里,6500025
village,65000250011,長源里,6500025
village,65000250012,泰平里,6500025
village,65000260001,貢寮里,6500026
village,65000260002,吉林里,6500026
village,65000260003,雙玉里,6500026
village,65000260004,龍崗里,6500026
village,65000260005,龍門里,6500026
village,65000260006,福隆里,6500026
village,65000260007,仁里里,6500026
village,65000260008,真理里,6500026
village,65000260009,福連里,6500026
village,65000260010,美豐里,6500026
village,65000260011,和美里,6500026
village,65000260P01,,6500026
village,65000260P02,,6500026
village,65000270001,和平里,6500027
village,65000270002,大同里,6500027
village,65000270003,豐漁里,6500027
village,65000270004,磺港里,6500027
village,65000270005,美田里,6500027
village,65000270006,五湖里,6500027
village,65000270007,重和里,6500027
village,65000270008,兩湖里,6500027
village,65000270009,六股里,6500027
village,65000270010,三界里,6500027
village,65000270011,清泉里,6500027
village,65000270012,萬壽里,6500027
village,65000270013,西湖里,6500027
village,65000270014,永興里,6500027
village,65000270015,金美里,6500027
village,65000270P01,,6500027
village,65000280001,萬里里,6500028
village,65000280002,龜吼里,6500028
village,65000280003,野柳里,6500028
village,65000280004,大鵬里,6500028
village,65000280005,磺潭里,6500028
village,65000280006,雙興里,6500028
village,65000280007,溪底里,6500028
village,65000280008,崁脚里,6500028
village,65000280009,中幅里,6500028
village,65000280010,北基里,6500028
village,65000280P01,,6500028
village,65000280P02,,6500028
village,65000280P03,,6500028
village,65000280P04,,6500028
village,65000100001,中和里,6500010
village,65000100002,屯山里,6500010
village,65000100003,賢孝里,6500010
village,65000100004,興仁里,6500010
village,65000100005,蕃薯里,6500010
village,65000100006,義山里,6500010
village,65000100007,忠山里,6500010
village,65000100008,崁頂里,6500010
village,65000100009,埤島里,6500010
village,65000100010,新興里,6500010
village,65000100011,水碓里,6500010
village,65000100012,北投里,6500010
village,65000100013,水源里,6500010
village,65000100014,忠寮里,6500010
village,65000100015,樹興里,6500010
village,65000100016,坪頂里,6500010
village,65000100017,福德里,6500010
village,65000100018,竹圍里,6500010
village,65000100019,民生里,6500010
village,65000100020,八勢里,6500010
village,65000100021,竿蓁里,6500010
village,65000100022,鄧公里,6500010
village,65000100023,中興里,6500010
village,65000100024,長庚里,6500010
village,65000100025,清文里,6500010
village,65000100026,草東里,6500010
village,65000100027,協元里,6500010
village,65000100028,永吉里,6500010
village,65000100029,民安里,6500010
village,65000100030,新生里,6500010
village,65000100031,文化里,6500010
village,65000100032,油車里,6500010
village,65000100033,沙崙里,6500010
village,65000100034,新義里,6500010
village,65000100035,新春里,6500010
village,65000100036,新民里,6500010
village,65000100037,正德里,6500010
village,65000100038,北新里,6500010
village,65000100039,民權里,6500010
village,65000100040,幸福里,6500010
village,65000100041,學府里,6500010
village,65000100042,大庄里,6500010
village,65000100043,新崁里,6500010
village,65000100044,新市里,6500010
village,65000100R01,,6500010
village,65000110001,義民里,6500011
village,65000110002,禮門里,6500011
village,65000110003,智慧里,6500011
village,65000110004,信望里,6500011
village,65000110005,橋東里,6500011
village,65000110006,秀峰里,6500011
village,65000110007,新昌里,6500011
village,65000110008,復興里,6500011
village,65000110009,茄苳里,6500011
village,65000110010,長安里,6500011
village,65000110011,保安里,6500011
village,65000110012,保長里,6500011
village,65000110013,鄉長里,6500011
village,65000110014,江北里,6500011
village,65000110015,拱北里,6500011
village,65000110016,烘內里,6500011
village,65000110017,八連里,6500011
village,65000110018,樟樹里,6500011
village,65000110019,北峰里,6500011
village,65000110020,北山里,6500011
village,65000110021,白雲里,6500011
village,65000110022,橫科里,6500011
village,65000110023,東山里,6500011
village,65000110024,福山里,6500011
village,65000110025,宜興里,6500011
village,65000110026,中興里,6500011
village,65000110027,湖光里,6500011
village,65000110028,仁德里,6500011
village,65000110029,厚德里,6500011
village,65000110030,忠孝里,6500011
village,65000110031,自強里,6500011
village,65000110032,文化里,6500011
village,65000110033,金龍里,6500011
village,65000110034,福德里,6500011
village,65000110035,興福里,6500011
village,65000110036,康福里,6500011
village,65000110037,忠山里,6500011
village,65000110038,環河里,6500011
village,65000110039,東勢里,6500011
village,65000110040,山光里,6500011
village,65000110041,大同里,6500011
village,65000110042,崇德里,6500011
village,65000110043,湖興里,6500011
village,65000110044,長青里,6500011
village,65000110045,福安里,6500011
village,65000110046,秀山里,6500011
village,65000110047,建成里,6500011
village,65000110048,城中里,6500011
village,65000110049,湖蓮里,6500011
village,65000110050,保新里,6500011
village,65000210001,八賢里,6500021
village,65000210002,埔頭里,6500021
village,65000210003,古庄里,6500021
village,65000210004,新庄里,6500021
village,65000210005,埔坪里,6500021
village,65000210006,茂長里,6500021
village,65000210007,橫山里,6500021
village,65000210008,錫板里,6500021
village,65000210009,後厝里,6500021
village,65000210010,福德里,6500021
village,65000210011,圓山里,6500021
village,65000210012,店子里,6500021
village,65000210013,興華里,6500021
village,65000220001,德茂里,6500022
village,65000220002,富基里,6500022
village,65000220003,老梅里,6500022
village,65000220004,山溪里,6500022
village,65000220005,石門里,6500022
village,65000220006,尖鹿里,6500022
village,65000220007,乾華里,6500022
village,65000220008,茂林里,6500022
village,65000220009,草里里,6500022
village,65000220P01,,6500022
village,65000220P02,,6500022
village,65000230001,龍源里,6500023
village,65000230002,米倉里,6500023
village,65000230003,大崁里,6500023
village,65000230004,埤頭里,6500023
village,65000230005,頂罟里,6500023
village,65000230006,舊城里,6500023
village,65000230007,訊塘里,6500023
village,65000230008,荖阡里,6500023
village,65000230009,長坑里,6500023
village,65000230010,下罟里,6500023
village,65000040001,福林里,6500004
village,65000040002,文化里,6500004
village,65000040003,豫溪里,6500004
village,65000040004,光明里,6500004
village,65000040005,仁愛里,6500004
village,65000040006,永貞里,6500004
village,65000040007,永福里,6500004
village,65000040008,民治里,6500004
village,65000040009,永成里,6500004
village,65000040010,忠義里,6500004
village,65000040011,永元里,6500004
village,65000040012,秀林里,6500004
village,65000040013,保安里,6500004
village,65000040014,中溪里,6500004
village,65000040015,永安里,6500004
village,65000040016,民族里,6500004
village,65000040017,民權里,6500004
village,65000040018,中興里,6500004
village,65000040019,勵行里,6500004
village,65000040020,秀朗里,6500004
village,65000040021,秀成里,6500004
village,65000040022,上溪里,6500004
village,65000040023,竹林里,6500004
village,65000040024,雙和里,6500004
village,65000040025,安和里,6500004
village,65000040026,水源里,6500004
village,65000040027,協和里,6500004
village,65000040028,河堤里,6500004
village,65000040029,頂溪里,6500004
village,65000040030,潭墘里,6500004
village,65000040031,潭安里,6500004
village,65000040032,大新里,6500004
village,65000040033,保平里,6500004
village,65000040034,民本里,6500004
village,65000040035,民樂里,6500004
village,65000040036,光復里,6500004
village,65000040037,復興里,6500004
village,65000040038,福和里,6500004
village,65000040039,得和里,6500004
village,65000040040,智光里,6500004
village,65000040041,新生里,6500004
village,65000040042,大同里,6500004
village,65000040043,前溪里,6500004
village,65000040044,和平里,6500004
village,65000040045,新廍里,6500004
village,65000040046,下溪里,6500004
village,65000040047,秀和里,6500004
village,65000040048,河濱里,6500004
village,65000040049,民生里,6500004
village,65000040050,秀得里,6500004
village,65000040051,上林里,6500004
village,65000040052,網溪里,6500004
village,65000040053,正興里,6500004
village,65000040054,永興里,6500004
village,65000040055,桂林里,6500004
village,65000040056,店街里,6500004
village,65000040057,信義里,6500004
village,65000040058,後溪里,6500004
village,65000040059,民富里,6500004
village,65000040060,秀元里,6500004
village,65000040061,永樂里,6500004
village,65000040062,保順里,6500004
village,65000040R01,,6500004
village,10002010001,神農里,1000201
village,10002010002,民權里,1000201
village,10002010008,進士里,1000201
village,10002010009,南橋里,1000201
village,10002010010,建業里,1000201
village,10002010011,南津里,1000201
village,10002010012,凱旋里,1000201
village,10002010013,黎明里,1000201
village,10002010014,東村里,1000201
village,10002010015,延平里,1000201
village,10002010016,七張里,1000201
village,10002010017,慈安里,1000201
village,10002010018,新民里,1000201
village,10002010019,東門里,1000201
village,10002010021,小東里,1000201
village,10002010022,菜園里,1000201
village,10002010023,孝廉里,1000201
village,10002010024,新生里,1000201
village,10002010025,茭白里,1000201
village,10002010026,北津里,1000201
village,10002010027,梅洲里,1000201
village,10002010028,北門里,1000201
village,10002010031,中山里,1000201
village,10002010032,西門里,1000201
village,10002010034,南門里,1000201
village,10002010035,負郭里,1000201
village,10002010036,民族里,1000201
village,10002010037,建軍里,1000201
village,10002010038,思源里,1000201
village,10002010039,文化里,1000201
village,10002010040,復興里,1000201
village,10002010041,成功里,1000201
village,10002010042,新東里,1000201
village,10002010043,七結里,1000201
village,10002010044,泰山里,1000201
village,10002010045,大新里,1000201
village,10002010046,中興里,1000201
village,10002010047,擺厘里,1000201
village,10002040001,石城里,1000204
village,10002040002,大里里,1000204
village,10002040003,大溪里,1000204
village,10002040004,合興里,1000204
village,10002040005,更新里,1000204
village,10002040006,外澳里,1000204
village,10002040007,港口里,1000204
village,10002040008,武營里,1000204
village,10002040009,大坑里,1000204
village,10002040010,城東里,1000204
village,10002040011,城北里,1000204
village,10002040012,城西里,1000204
village,10002040013,城南里,1000204
village,10002040014,竹安里,1000204
village,10002040015,新建里,1000204
village,10002040016,拔雅里,1000204
village,10002040017,福成里,1000204
village,10002040018,金面里,1000204
village,10002040019,金盈里,1000204
village,10002040020,頂埔里,1000204
village,10002040021,下埔里,1000204
village,10002040022,中崙里,1000204
village,10002040023,二城里,1000204
village,10002040024,龜山里,1000204
village,10002050001,白雲村,1000205
village,10002050002,玉石村,1000205
village,10002050003,德陽村,1000205
village,10002050004,大忠村,1000205
village,10002050005,大義村,1000205
village,10002050006,六結村,1000205
village,10002050007,二龍村,1000205
village,10002050008,時潮村,1000205
village,10002050009,玉田村,1000205
village,10002050010,三民村,1000205
village,10002050011,林美村,1000205
village,10002050012,白鵝村,1000205
village,10002050013,玉光村,1000205
village,10002050014,光武村,1000205
village,10002050015,吳沙村,1000205
village,10002050016,龍潭村,1000205
village,10002050017,匏崙村,1000205
village,10002050018,二結村,1000205
village,10002060001,吉祥村,1000206
village,10002060002,美福村,1000206
village,10002060003,新南村,1000206
village,10002060004,東港村,1000206
village,10002060005,復興村,1000206
village,10002060006,過嶺村,1000206
village,10002060007,永鎮村,1000206
village,10002060009,古亭村,1000206
village,10002060010,功勞村,1000206
village,10002060011,美城村,1000206
village,10002060012,新社村,1000206
village,10002060013,大福村,1000206
village,10002060014,古結村,1000206
village,10002060015,壯六村,1000206
village,10002060016,順和村,1000206
village,10002060017,美間村,1000206
village,10002070001,員山村,1000207
village,10002070002,尚德村,1000207
village,10002070003,惠好村,1000207
village,10002070004,七賢村,1000207
village,10002070005,深溝村,1000207
village,10002070006,蓁巷村,1000207
village,10002070007,內城村,1000207
village,10002070008,中華村,1000207
village,10002070009,永和村,1000207
village,10002070010,頭分村,1000207
village,10002070011,枕山村,1000207
village,10002070012,同樂村,1000207
village,10002070013,湖東村,1000207
village,10002070014,逸仙村,1000207
village,10002070015,湖北村,1000207
village,10002070016,湖西村,1000207
village,10002070017,金古村,1000207
village,10002070018,金泰村,1000207
village,10002020004,大新里,1000202
village,10002020005,東安里,1000202
village,10002020006,新群里,1000202
village,10002020007,羅莊里,1000202
village,10002020008,南昌里,1000202
village,10002020009,南豪里,1000202
village,10002020010,成功里,1000202
village,10002020011,仁德里,1000202
village,10002020016,漢民里,1000202
village,10002020017,西安里,1000202
village,10002020018,北成里,1000202
village,10002020019,賢文里,1000202
village,10002020020,公正里,1000202
village,10002020021,集祥里,1000202
village,10002020022,信義里,1000202
village,10002020023,竹林里,1000202
village,10002020024,仁愛里,1000202
village,10002020025,樹林里,1000202
village,10002020026,國華里,1000202
village,10002020027,維揚里,1000202
village,10002020028,開明里,1000202
village,10002020029,中山里,1000202
village,10002020030,仁和里,1000202
village,10002090001,三興村,1000209
village,10002090002,二結村,1000209
village,10002090003,鎮安村,1000209
village,10002090004,上四村,1000209
village,10002090005,中興村,1000209
village,10002090006,四結村,1000209
village,10002090007,福興村,1000209
village,10002090008,五結村,1000209
village,10002090009,大吉村,1000209
village,10002090010,協和村,1000209
village,10002090011,孝威村,1000209
village,10002090012,錦眾村,1000209
village,10002090013,利澤村,1000209
village,10002090014,成興村,1000209
village,10002090015,季新村,1000209
village,10002080001,武淵村,1000208
village,10002080002,珍珠村,1000208
village,10002080003,補城村,1000208
village,10002080004,三奇村,1000208
village,10002080005,大興村,1000208
village,10002080006,東城村,1000208
village,10002080007,香和村,1000208
village,10002080008,南興村,1000208
village,10002080009,冬山村,1000208
village,10002080010,安平村,1000208
village,10002080011,太和村,1000208
village,10002080012,八寶村,1000208
village,10002080013,丸山村,1000208
village,10002080014,中山村,1000208
village,10002080015,順安村,1000208
village,10002080016,永美村,1000208
village,10002080017,群英村,1000208
village,10002080018,清溝村,1000208
village,10002080019,鹿埔村,1000208
village,10002080020,得安村,1000208
village,10002080021,廣興村,1000208
village,10002080022,廣安村,1000208
village,10002080023,柯林村,1000208
village,10002080024,大進村,1000208
village,10002030001,龍德里,1000203
village,10002030002,頂寮里,1000203
village,10002030003,永榮里,1000203
village,10002030004,存仁里,1000203
village,10002030005,港邊里,1000203
village,10002030007,隘丁里,1000203
village,10002030008,新城里,1000203
village,10002030009,聖湖里,1000203
village,10002030010,蘇西里,1000203
village,10002030011,蘇北里,1000203
village,10002030012,蘇南里,1000203
village,10002030013,蘇東里,1000203
village,10002030014,長安里,1000203
village,10002030015,永光里,1000203
village,10002030016,永春里,1000203
village,10002030017,永樂里,1000203
village,10002030018,南安里,1000203
village,10002030019,南正里,1000203
village,10002030020,南成里,1000203
village,10002030021,南興里,1000203
village,10002030022,南寧里,1000203
village,10002030023,南建里,1000203
village,10002030024,東澳里,1000203
village,10002030025,南強里,1000203
village,10002030026,朝陽里,1000203
village,10002030027,聖愛里,1000203
village,10002100001,員山村,1000210
village,10002100002,天山村,1000210
village,10002100003,天福村,1000210
village,10002100004,雙賢村,1000210
village,10002100005,人和村,1000210
village,10002100006,義德村,1000210
village,10002100007,集慶村,1000210
village,10002100008,月眉村,1000210
village,10002100009,拱照村,1000210
village,10002100010,大隱村,1000210
village,10002100011,行健村,1000210
village,10002100012,萬德村,1000210
village,10002100013,貴林村,1000210
village,10002100014,萬富村,1000210
village,10002100015,大義村,1000210
village,10002100016,尚武村,1000210
village,10002100017,大洲村,1000210
village,10002100018,尾塹村,1000210
village,10002110001,寒溪村,1000211
village,10002110002,崙埤村,1000211
village,10002110003,松羅村,1000211
village,10002110004,復興村,1000211
village,10002110005,英士村,1000211
village,10002110006,樂水村,1000211
village,10002110007,太平村,1000211
village,10002110008,四季村,1000211
village,10002110009,南山村,1000211
village,10002110010,茂安村,1000211
village,10002120001,南澳村,1000212
village,10002120002,碧候村,1000212
village,10002120003,東岳村,1000212
village,10002120004,金岳村,1000212
village,10002120005,武塔村,1000212
village,10002120006,金洋村,1000212
village,10002120007,澳花村,1000212
village,68000010001,文化里,6800001
village,68000010002,文明里,6800001
village,68000010003,武陵里,6800001
village,68000010004,大林里,6800001
village,68000010005,忠義里,6800001
village,68000010006,會稽里,6800001
village,68000010007,長美里,6800001
village,68000010008,民生里,6800001
village,68000010009,永興里,6800001
village,68000010010,汴洲里,6800001
village,68000010011,永安里,6800001
village,68000010012,東埔里,6800001
village,68000010013,東門里,6800001
village,68000010014,東山里,6800001
village,68000010015,萬壽里,6800001
village,68000010016,長安里,6800001
village,68000010017,中埔里,6800001
village,68000010018,西埔里,6800001
village,68000010019,西門里,6800001
village,68000010020,中和里,6800001
village,68000010021,文昌里,6800001
village,68000010022,新埔里,6800001
village,68000010023,中山里,6800001
village,68000010024,慈文里,6800001
village,68000010025,西湖里,6800001
village,68000010026,南門里,6800001
village,68000010027,南華里,6800001
village,68000010028,玉山里,6800001
village,68000010029,中成里,6800001
village,68000010030,中正里,6800001
village,68000010031,北門里,6800001
village,68000010032,雲林里,6800001
village,68000010033,福林里,6800001
village,68000010034,光興里,6800001
village,68000010035,龍山里,6800001
village,68000010036,龍岡里,6800001
village,68000010037,成功里,6800001
village,68000010038,青溪里,6800001
village,68000010039,朝陽里,6800001
village,68000010040,中興里,6800001
village,68000010041,豐林里,6800001
village,68000010042,建國里,6800001
village,68000010043,大豐里,6800001
village,68000010044,福安里,6800001
village,68000010045,三民里,6800001
village,68000010046,大興里,6800001
village,68000010047,春日里,6800001
village,68000010048,信光里,6800001
village,68000010049,中寧里,6800001
village,68000010050,同安里,6800001
village,68000010051,莊敬里,6800001
village,68000010052,文中里,6800001
village,68000010053,泰山里,6800001
village,68000010054,中路里,6800001
village,68000010055,中德里,6800001
village,68000010056,龍祥里,6800001
village,68000010057,大有里,6800001
village,68000010058,寶山里,6800001
village,68000010059,龍鳳里,6800001
village,68000010060,龍安里,6800001
village,68000010061,自強里,6800001
village,68000010062,中信里,6800001
village,68000010063,長德里,6800001
village,68000010064,中平里,6800001
village,68000010065,中原里,6800001
village,68000010066,中泰里,6800001
village,68000010067,南埔里,6800001
village,68000010068,寶慶里,6800001
village,68000010069,北埔里,6800001
village,68000010070,中聖里,6800001
village,68000010071,龍壽里,6800001
village,68000010072,同德里,6800001
village,68000010073,明德里,6800001
village,68000010074,寶安里,6800001
village,68000010075,瑞慶里,6800001
village,68000010076,三元里,6800001
village,68000010077,大樹里,6800001
village,68000010078,大業里,6800001
village,68000010079,福元里,6800001
village,68000010080,經國里,6800001
village,68000010081,檜樂里,6800001
village,68000010082,寶民里,6800001
village,68000010083,藝文里,6800001
village,68000010084,幸福里,6800001
village,68000010085,民有里,6800001
village,68000030001,興和里,6800003
village,68000030002,福仁里,6800003
village,68000030003,一心里,6800003
village,68000030004,一德里,6800003
village,68000030005,月眉里,6800003
village,68000030006,永福里,6800003
village,68000030007,美華里,6800003
village,68000030008,福安里,6800003
village,68000030009,復興里,6800003
village,68000030010,新峰里,6800003
village,68000030011,康安里,6800003
village,68000030012,義和里,6800003
village,68000030013,瑞興里,6800003
village,68000030014,中新里,6800003
village,68000030015,仁義里,6800003
village,68000030016,僑愛里,6800003
village,68000030017,仁善里,6800003
village,68000030018,仁愛里,6800003
village,68000030019,仁武里,6800003
village,68000030020,員林里,6800003
village,68000030021,南興里,6800003
village,68000030022,瑞源里,6800003
village,68000030023,光明里,6800003
village,68000030024,三元里,6800003
village,68000030025,田心里,6800003
village,68000030026,仁文里,6800003
village,68000030027,仁和里,6800003
village,68000030028,仁美里,6800003
village,68000020001,龍平里,6800002
village,68000020002,龍昌里,6800002
village,68000020003,仁德里,6800002
village,68000020004,永興里,6800002
village,68000020005,內壢里,6800002
village,68000020006,成功里,6800002
village,68000020007,光明里,6800002
village,68000020008,自立里,6800002
village,68000020009,自強里,6800002
village,68000020010,中堅里,6800002
village,68000020011,龍興里,6800002
village,68000020012,仁美里,6800002
village,68000020013,仁愛里,6800002
village,68000020014,新街里,6800002
village,68000020015,中央里,6800002
village,68000020016,普仁里,6800002
village,68000020017,普義里,6800002
village,68000020018,忠義里,6800002
village,68000020019,中正里,6800002
village,68000020020,興仁里,6800002
village,68000020021,東興里,6800002
village,68000020022,洽溪里,6800002
village,68000020023,篤行里,6800002
village,68000020024,新明里,6800002
village,68000020025,新興里,6800002
village,68000020026,中原里,6800002
village,68000020027,內定里,6800002
village,68000020028,中壢里,6800002
village,68000020029,龍岡里,6800002
village,68000020030,仁祥里,6800002
village,68000020031,水尾里,6800002
village,68000020032,青埔里,6800002
village,68000020033,復興里,6800002
village,68000020034,文化里,6800002
village,68000020035,興國里,6800002
village,68000020036,忠福里,6800002
village,68000020037,信義里,6800002
village,68000020038,石頭里,6800002
village,68000020039,龍東里,6800002
village,68000020040,中建里,6800002
village,68000020041,興南里,6800002
village,68000020042,後寮里,6800002
village,68000020043,過嶺里,6800002
village,68000020044,五權里,6800002
village,68000020045,舊明里,6800002
village,68000020046,芝芭里,6800002
village,68000020047,月眉里,6800002
village,68000020048,三民里,6800002
village,68000020049,山東里,6800002
village,68000020050,中榮里,6800002
village,68000020051,內厝里,6800002
village,68000020052,振興里,6800002
village,68000020053,普慶里,6800002
village,68000020054,興和里,6800002
village,68000020055,永光里,6800002
village,68000020056,復華里,6800002
village,68000020057,忠孝里,6800002
village,68000020058,福德里,6800002
village,68000020059,和平里,6800002
village,68000020060,普忠里,6800002
village,68000020061,普強里,6800002
village,68000020062,明德里,6800002
village,68000020063,至善里,6800002
village,68000020064,五福里,6800002
village,68000020065,龍德里,6800002
village,68000020066,正義里,6800002
village,68000020067,龍安里,6800002
village,68000020068,中山里,6800002
village,68000020069,德義里,6800002
village,68000020070,仁義里,6800002
village,68000020071,華勛里,6800002
village,68000020072,仁福里,6800002
village,68000020073,幸福里,6800002
village,68000020074,永福里,6800002
village,68000020075,仁和里,6800002
village,68000020076,華愛里,6800002
village,68000020077,莊敬里,6800002
village,68000020078,自治里,6800002
village,68000020079,健行里,6800002
village,68000020080,興平里,6800002
village,68000020081,中興里,6800002
village,68000020082,龍慈里,6800002
village,68000020083,自信里,6800002
village,68000020084,林森里,6800002
village,68000020085,金華里,6800002
village,68000020086,青溪里,6800002
village,68000020087,興華里,6800002
village,68000020088,興福里,6800002
village,68000020089,青航里,6800002
village,68000020090,青園里,6800002
village,68000020091,松嶺里,6800002
village,68000040001,楊梅里,6800004
village,68000040002,楊江里,6800004
village,68000040003,紅梅里,6800004
village,68000040004,永寧里,6800004
village,68000040005,大平里,6800004
village,68000040006,東流里,6800004
village,68000040007,水美里,6800004
village,68000040008,上田里,6800004
village,68000040009,梅新里,6800004
village,68000040010,大同里,6800004
village,68000040011,埔心里,6800004
village,68000040012,金龍里,6800004
village,68000040013,瑞塘里,6800004
village,68000040014,四維里,6800004
village,68000040015,梅溪里,6800004
village,68000040016,高山里,6800004
village,68000040017,高榮里,6800004
village,68000040018,仁美里,6800004
village,68000040019,光華里,6800004
village,68000040020,富岡里,6800004
village,68000040021,豐野里,6800004
village,68000040022,員本里,6800004
village,68000040023,瑞原里,6800004
village,68000040024,三湖里,6800004
village,68000040025,上湖里,6800004
village,68000040026,中山里,6800004
village,68000040027,楊明里,6800004
village,68000040028,金溪里,6800004
village,68000040029,裕成里,6800004
village,68000040030,秀才里,6800004
village,68000040031,青山里,6800004
village,68000040032,新榮里,6800004
village,68000040033,雙榮里,6800004
village,68000040034,瑞坪里,6800004
village,68000040035,永平里,6800004
village,68000040036,瑞溪里,6800004
village,68000040037,高上里,6800004
village,68000040038,富豐里,6800004
village,68000040039,裕新里,6800004
village,68000040040,三民里,6800004
village,68000040041,頭湖里,6800004
village,68000050001,新興里,6800005
village,68000050002,中福里,6800005
village,68000050003,新莊里,6800005
village,68000050004,大竹里,6800005
village,68000050006,蘆竹里,6800005
village,68000050007,南崁里,6800005
village,68000050008,錦興里,6800005
village,68000050009,五福里,6800005
village,68000050010,內厝里,6800005
village,68000050011,山鼻里,6800005
village,68000050012,山腳里,6800005
village,68000050013,外社里,6800005
village,68000050014,坑子里,6800005
village,68000050015,坑口里,6800005
village,68000050016,海湖里,6800005
village,68000050017,南榮里,6800005
village,68000050018,南興里,6800005
village,68000050019,長興里,6800005
village,68000050020,錦中里,6800005
village,68000050021,富竹里,6800005
village,68000050022,上竹里,6800005
village,68000050023,宏竹里,6800005
village,68000050024,瓦窯里,6800005
village,68000050025,營盤里,6800005
village,68000050026,羊稠里,6800005
village,68000050027,順興里,6800005
village,68000050028,福昌里,6800005
village,68000050029,福興里,6800005
village,68000050030,蘆興里,6800005
village,68000050031,長壽里,6800005
village,68000050032,吉祥里,6800005
village,68000050033,中山里,6800005
village,68000050034,福祿里,6800005
village,68000050035,興榮里,6800005
village,68000050036,中興里,6800005
village,68000050037,上興里,6800005
village,68000050038,營福里,6800005
village,68000050039,正興里,6800005
village,68000050040,濱海里,6800005
village,68000060001,大園里,6800006
village,68000060002,田心里,6800006
village,68000060003,溪海里,6800006
village,68000060004,和平里,6800006
village,68000060005,橫峰里,6800006
village,68000060006,五權里,6800006
village,68000060007,埔心里,6800006
village,68000060008,大海里,6800006
village,68000060010,三石里,6800006
village,68000060011,菓林里,6800006
village,68000060012,竹圍里,6800006
village,68000060013,海口里,6800006
village,68000060014,沙崙里,6800006
village,68000060015,後厝里,6800006
village,68000060016,圳頭里,6800006
village,68000060017,內海里,6800006
village,68000060018,北港里,6800006
village,68000060019,南港里,6800006
village,68000060020,青峰里,6800006
village,68000060021,青山里,6800006
village,68000060022,新南里,6800006
village,68000060023,仁德里,6800006
village,68000070001,楓樹里,6800007
village,68000070002,龜山里,6800007
village,68000070003,兔坑里,6800007
village,68000070004,大同里,6800007
village,68000070005,山福里,6800007
village,68000070006,山頂里,6800007
village,68000070007,陸光里,6800007
village,68000070008,精忠里,6800007
village,68000070009,公西里,6800007
village,68000070010,樂善里,6800007
village,68000070011,南上里,6800007
village,68000070012,大坑里,6800007
village,68000070013,中興里,6800007
village,68000070014,山德里,6800007
village,68000070015,新路里,6800007
village,68000070016,嶺頂里,6800007
village,68000070017,龍壽里,6800007
village,68000070018,舊路里,6800007
village,68000070019,大崗里,6800007
village,68000070020,文化里,6800007
village,68000070021,南美里,6800007
village,68000070022,幸福里,6800007
village,68000070023,福源里,6800007
village,68000070024,龍華里,6800007
village,68000070025,迴龍里,6800007
village,68000070026,新嶺里,6800007
village,68000070027,大湖里,6800007
village,68000070028,大華里,6800007
village,68000070029,長庚里,6800007
village,68000070030,新興里,6800007
village,68000070031,文青里,6800007
village,68000070032,楓福里,6800007
village,68000070033,文藝里,6800007
village,68000070034,文桃里,6800007
village,68000070035,文樂里,6800007
village,68000070036,長樂里,6800007
village,68000080001,興仁里,6800008
village,68000080002,福興里,6800008
village,68000080003,瑞豐里,6800008
village,68000080004,瑞發里,6800008
village,68000080005,瑞德里,6800008
village,68000080006,瑞祥里,6800008
village,68000080007,廣興里,6800008
village,68000080008,廣隆里,6800008
village,68000080009,竹園里,6800008
village,68000080010,霄裡里,6800008
village,68000080011,茄苳里,6800008
village,68000080012,高明里,6800008
village,68000080013,白鷺里,6800008
village,68000080014,大湳里,6800008
village,68000080015,大安里,6800008
village,68000080016,大興里,6800008
village,68000080017,大和里,6800008
village,68000080018,大同里,6800008
village,68000080019,大成里,6800008
village,68000080020,大義里,6800008
village,68000080021,大忠里,6800008
village,68000080022,大福里,6800008
village,68000080023,大勇里,6800008
village,68000080024,大信里,6800008
village,68000080025,大華里,6800008
village,68000080026,大仁里,6800008
village,68000080027,大智里,6800008
village,68000080028,瑞泰里,6800008
village,68000080029,大昌里,6800008
village,68000080030,大正里,6800008
village,68000080031,大強里,6800008
village,68000080032,大發里,6800008
village,68000080033,大明里,6800008
village,68000080034,大竹里,6800008
village,68000080035,大慶里,6800008
village,68000080036,大千里,6800008
village,68000080037,大榮里,6800008
village,68000080038,茄明里,6800008
village,68000080039,高城里,6800008
village,68000080040,瑞興里,6800008
village,68000080041,大愛里,6800008
village,68000080042,大宏里,6800008
village,68000080043,大漢里,6800008
village,68000080044,廣德里,6800008
village,68000080045,龍友里,6800008
village,68000080046,陸光里,6800008
village,68000080047,永豐里,6800008
village,68000080048,大順里,6800008
village,68000080049,福元里,6800008
village,68000080050,福德里,6800008
village,68000080051,興中里,6800008
village,68000080052,大盛里,6800008
village,68000090001,黃唐里,6800009
village,68000090002,中山里,6800009
village,68000090003,烏林里,6800009
village,68000090004,高平里,6800009
village,68000090006,凌雲里,6800009
village,68000090007,八德里,6800009
village,68000090008,三水里,6800009
village,68000090009,上林里,6800009
village,68000090010,中正里,6800009
village,68000090011,龍潭里,6800009
village,68000090012,高原里,6800009
village,68000090013,九龍里,6800009
village,68000090014,中興里,6800009
village,68000090015,佳安里,6800009
village,68000090016,三和里,6800009
village,68000090017,三坑里,6800009
village,68000090018,大平里,6800009
village,68000090019,三林里,6800009
village,68000090020,永興里,6800009
village,68000090021,烏樹林里,6800009
village,68000090022,百年里,6800009
village,68000090023,龍祥里,6800009
village,68000090024,聖德里,6800009
village,68000090025,龍星里,6800009
village,68000090026,上華里,6800009
village,68000090027,武漢里,6800009
village,68000090028,東興里,6800009
village,68000090029,北興里,6800009
village,68000090030,建林里,6800009
village,68000090031,富林里,6800009
village,68000090032,祥和里,6800009
village,68000090033,渴望里,6800009
village,68000100001,雙連里,6800010
village,68000100002,高雙里,6800010
village,68000100003,復旦里,6800010
village,68000100004,廣興里,6800010
village,68000100005,義民里,6800010
village,68000100006,宋屋里,6800010
village,68000100007,新勢里,6800010
village,68000100008,新富里,6800010
village,68000100009,北勢里,6800010
village,68000100010,北興里,6800010
village,68000100011,北貴里,6800010
village,68000100012,平鎮里,6800010
village,68000100013,南勢里,6800010
village,68000100014,莊敬里,6800010
village,68000100015,山峰里,6800010
village,68000100016,湧光里,6800010
village,68000100017,龍恩里,6800010
village,68000100018,東社里,6800010
village,68000100019,龍興里,6800010
village,68000100020,貿易里,6800010
village,68000100021,忠貞里,6800010
village,68000100022,中正里,6800010
village,68000100023,建安里,6800010
village,68000100024,東勢里,6800010
village,68000100025,東安里,6800010
village,68000100026,新安里,6800010
village,68000100027,鎮興里,6800010
village,68000100028,義興里,6800010
village,68000100029,湧豐里,6800010
village,68000100030,湧安里,6800010
village,68000100031,廣達里,6800010
village,68000100032,福林里,6800010
village,68000100033,金星里,6800010
village,68000100034,廣仁里,6800010
village,68000100035,新貴里,6800010
village,68000100036,北富里,6800010
village,68000100037,新榮里,6800010
village,68000100038,華安里,6800010
village,68000100039,金陵里,6800010
village,68000100040,北安里,6800010
village,68000100041,北華里,6800010
village,68000100042,復興里,6800010
village,68000100043,平興里,6800010
village,68000100044,新英里,6800010
village,68000100045,平安里,6800010
village,68000100046,平南里,6800010
village,68000110001,新屋里,6800011
village,68000110002,新生里,6800011
village,68000110003,後湖里,6800011
village,68000110004,清華里,6800011
village,68000110005,頭洲里,6800011
village,68000110006,埔頂里,6800011
village,68000110007,九斗里,6800011
village,68000110008,社子里,6800011
village,68000110009,東明里,6800011
village,68000110010,石磊里,6800011
village,68000110011,下埔里,6800011
village,68000110012,下田里,6800011
village,68000110013,石牌里,6800011
village,68000110014,赤欄里,6800011
village,68000110015,永興里,6800011
village,68000110016,永安里,6800011
village,68000110017,笨港里,6800011
village,68000110018,深圳里,6800011
village,68000110019,蚵間里,6800011
village,68000110020,槺榔里,6800011
village,68000110021,後庄里,6800011
village,68000110022,大坡里,6800011
village,68000110023,望間里,6800011
village,68000120001,觀音里,6800012
village,68000120002,白玉里,6800012
village,68000120003,廣興里,6800012
village,68000120004,大潭里,6800012
village,68000120005,武威里,6800012
village,68000120006,保生里,6800012
village,68000120007,三和里,6800012
village,68000120008,新興里,6800012
village,68000120009,坑尾里,6800012
village,68000120010,金湖里,6800012
village,68000120011,藍埔里,6800012
village,68000120012,大同里,6800012
village,68000120013,大堀里,6800012
village,68000120014,崙坪里,6800012
village,68000120015,富源里,6800012
village,68000120016,上大里,6800012
village,68000120017,新坡里,6800012
village,68000120018,廣福里,6800012
village,68000120019,塔腳里,6800012
village,68000120020,保障里,6800012
village,68000120021,草漯里,6800012
village,68000120022,樹林里,6800012
village,68000120023,富林里,6800012
village,68000120024,草新里,6800012
village,68000130001,三民里,6800013
village,68000130002,澤仁里,6800013
village,68000130003,義盛里,6800013
village,68000130004,霞雲里,6800013
village,68000130005,長興里,6800013
village,68000130006,三光里,6800013
village,68000130007,奎輝里,6800013
village,68000130008,華陵里,6800013
village,68000130009,羅浮里,6800013
village,68000130010,高義里,6800013
village,10020010001,荖藤里,1002001
village,10020010002,後湖里,1002001
village,10020010003,仁義里,1002001
village,10020010004,中庄里,1002001
village,10020010005,頂庄里,1002001
village,10020010034,圳頭里,1002001
village,10020010035,新店里,1002001
village,10020010036,後庄里,1002001
village,10020010037,王田里,1002001
village,10020010038,東川里,1002001
village,10020010039,太平里,1002001
village,10020010041,盧厝里,1002001
village,10020010042,鹿寮里,1002001
village,10020010043,長竹里,1002001
village,10020010044,短竹里,1002001
village,10020010045,新開里,1002001
village,10020010046,宣信里,1002001
village,10020010047,興南里,1002001
village,10020010048,豐年里,1002001
village,10020010049,芳草里,1002001
village,10020010050,芳安里,1002001
village,10020010051,頂寮里,1002001
village,10020010052,安寮里,1002001
village,10020010053,興安里,1002001
village,10020010054,興村里,1002001
village,10020010055,興仁里,1002001
village,10020010056,過溝里,1002001
village,10020010057,民族里,1002001
village,10020010058,朝陽里,1002001
village,10020010059,華南里,1002001
village,10020010060,東興里,1002001
village,10020010061,中山里,1002001
village,10020010062,中央里,1002001
village,10020010063,林森里,1002001
village,10020010064,北門里,1002001
village,10020010065,蘭潭里,1002001
village,10020010066,文雅里,1002001
village,10020010067,安業里,1002001
village,10020010068,義教里,1002001
village,10004020001,上坪里,1000402
village,10004020002,瑞峰里,1000402
village,10004020003,軟橋里,1000402
village,10004020004,員崠里,1000402
village,10004020005,東寧里,1000402
village,10004020006,上舘里,1000402
village,10004020007,大鄉里,1000402
village,10004020008,東華里,1000402
village,10004020009,商華里,1000402
village,10004020010,竹東里,1000402
village,10004020011,榮樂里,1000402
village,10004020012,鷄林里,1000402
village,10004020013,仁愛里,1000402
village,10004020014,五豐里,1000402
village,10004020015,三重里,1000402
village,10004020016,頭重里,1000402
village,10004020017,員山里,1000402
village,10004020018,柯湖里,1000402
village,10004020019,二重里,1000402
village,10004020020,中山里,1000402
village,10004020021,中正里,1000402
village,10004020022,南華里,1000402
village,10004020023,榮華里,1000402
village,10004020024,忠孝里,1000402
village,10004020025,陸豐里,1000402
village,10004040001,東興里,1000404
village,10004040002,西安里,1000404
village,10004040003,南雄里,1000404
village,10004040004,北斗里,1000404
village,10004040005,仁安里,1000404
village,10004040006,北山里,1000404
village,10004040007,南山里,1000404
village,10004040008,東安里,1000404
village,10004040009,東光里,1000404
village,10004040010,新富里,1000404
village,10004040011,金山里,1000404
village,10004040012,錦山里,1000404
village,10004040013,玉山里,1000404
village,10004040014,大同里,1000404
village,10004040015,石光里,1000404
village,10004040016,上林里,1000404
village,10004040017,新力里,1000404
village,10004040018,南和里,1000404
village,10004040019,東山里,1000404
village,10004040020,南新里,1000404
village,10004040021,東平里,1000404
village,10004030001,內立里,1000403
village,10004030002,寶石里,1000403
village,10004030003,文山里,1000403
village,10004030004,五埔里,1000403
village,10004030005,四座里,1000403
village,10004030006,旱坑里,1000403
village,10004030007,田新里,1000403
village,10004030008,新埔里,1000403
village,10004030009,新生里,1000403
village,10004030010,新民里,1000403
village,10004030011,上寮里,1000403
village,10004030012,下寮里,1000403
village,10004030013,南平里,1000403
village,10004030014,北平里,1000403
village,10004030015,巨埔里,1000403
village,10004030016,照門里,1000403
village,10004030017,清水里,1000403
village,10004030018,鹿鳴里,1000403
village,10004030019,新北里,1000403
village,10004010001,斗崙里,1000401
village,10004010002,鹿場里,1000401
village,10004010003,東平里,1000401
village,10004010004,中興里,1000401
village,10004010005,隘口里,1000401
village,10004010006,東海里,1000401
village,10004010007,竹北里,1000401
village,10004010008,竹仁里,1000401
village,10004010009,竹義里,1000401
village,10004010010,泰和里,1000401
village,10004010011,新社里,1000401
village,10004010012,聯興里,1000401
village,10004010013,麻園里,1000401
village,10004010014,溪州里,1000401
village,10004010015,白地里,1000401
village,10004010016,新港里,1000401
village,10004010017,大義里,1000401
village,10004010018,崇義里,1000401
village,10004010019,大眉里,1000401
village,10004010020,尚義里,1000401
village,10004010021,十興里,1000401
village,10004010022,新國里,1000401
village,10004010023,新庄里,1000401
village,10004010024,北崙里,1000401
village,10004010025,新崙里,1000401
village,10004010026,福德里,1000401
village,10004010027,東興里,1000401
village,10004010028,北興里,1000401
village,10004010029,興安里,1000401
village,10004010030,文化里,1000401
village,10004010031,中崙里,1000401
village,10004050001,孝勢村,1000405
village,10004050002,仁勢村,1000405
village,10004050003,愛勢村,1000405
village,10004050004,信勢村,1000405
village,10004050005,中勢村,1000405
village,10004050006,德盛村,1000405
village,10004050007,和興村,1000405
village,10004050008,長嶺村,1000405
village,10004050009,長安村,1000405
village,10004050010,湖口村,1000405
village,10004050011,湖鏡村,1000405
village,10004050012,湖南村,1000405
village,10004050013,波羅村,1000405
village,10004050014,鳳凰村,1000405
village,10004050015,鳳山村,1000405
village,10004050016,中興村,1000405
village,10004050017,信義村,1000405
village,10004050018,中正村,1000405
village,10004050019,東興村,1000405
village,10004050020,勝利村,1000405
village,10004080001,橫山村,1000408
village,10004080002,田寮村,1000408
village,10004080003,南昌村,1000408
village,10004080004,豐鄉村,1000408
village,10004080005,豐田村,1000408
village,10004080006,內灣村,1000408
village,10004080007,福興村,1000408
village,10004080008,沙坑村,1000408
village,10004080009,新興村,1000408
village,10004080010,大肚村,1000408
village,10004080011,力行村,1000408
village,10004060001,福興村,1000406
village,10004060002,後湖村,1000406
village,10004060003,青埔村,1000406
village,10004060004,埔和村,1000406
village,10004060005,瑞興村,1000406
village,10004060006,坡頭村,1000406
village,10004060007,中崙村,1000406
village,10004060008,重興村,1000406
village,10004060009,新豐村,1000406
village,10004060010,員山村,1000406
village,10004060011,松林村,1000406
village,10004060012,上坑村,1000406
village,10004060013,鳳坑村,1000406
village,10004060014,忠孝村,1000406
village,10004060015,山崎村,1000406
village,10004060016,松柏村,1000406
village,10004060017,崎頂村,1000406
village,10004060018,明新村,1000406
village,10004070001,五龍村,1000407
village,10004070002,華龍村,1000407
village,10004070003,秀湖村,1000407
village,10004070004,永興村,1000407
village,10004070005,石潭村,1000407
village,10004070006,新鳳村,1000407
village,10004070007,中坑村,1000407
village,10004070008,水坑村,1000407
village,10004070009,文林村,1000407
village,10004070010,芎林村,1000407
village,10004070011,上山村,1000407
village,10004070012,下山村,1000407
village,10004100001,雙溪村,1000410
village,10004100002,大崎村,1000410
village,10004100003,三峰村,1000410
village,10004100004,新城村,1000410
village,10004100005,深井村,1000410
village,10004100006,寶斗村,1000410
village,10004100007,山湖村,1000410
village,10004100008,寶山村,1000410
village,10004100009,油田村,1000410
village,10004100010,雙新村,1000410
village,10004090001,北埔村,1000409
village,10004090002,南興村,1000409
village,10004090003,埔尾村,1000409
village,10004090004,水磜村,1000409
village,10004090005,南埔村,1000409
village,10004090006,大林村,1000409
village,10004090007,大湖村,1000409
village,10004090008,南坑村,1000409
village,10004090009,外坪村,1000409
village,10004110001,峨眉村,1000411
village,10004110002,中盛村,1000411
village,10004110003,石井村,1000411
village,10004110004,富興村,1000411
village,10004110005,七星村,1000411
village,10004110006,湖光村,1000411
village,10004120001,義興村,1000412
village,10004120002,嘉樂村,1000412
village,10004120003,新樂村,1000412
village,10004120004,梅花村,1000412
village,10004120005,錦屏村,1000412
village,10004120006,玉峰村,1000412
village,10004120007,秀巒村,1000412
village,10004130001,大隘村,1000413
village,10004130002,花園村,1000413
village,10004130003,竹林村,1000413
village,10004130004,桃山村,1000413
village,10005010001,中苗里,1000501
village,10005010002,建功里,1000501
village,10005010003,青苗里,1000501
village,10005010004,玉清里,1000501
village,10005010005,玉華里,1000501
village,10005010006,維新里,1000501
village,10005010007,維祥里,1000501
village,10005010008,綠苗里,1000501
village,10005010009,高苗里,1000501
village,10005010010,玉苗里,1000501
village,10005010011,大同里,1000501
village,10005010012,新苗里,1000501
village,10005010013,勝利里,1000501
village,10005010014,恭敬里,1000501
village,10005010015,上苗里,1000501
village,10005010016,北苗里,1000501
village,10005010017,清華里,1000501
village,10005010018,嘉盛里,1000501
village,10005010019,福星里,1000501
village,10005010020,新川里,1000501
village,10005010021,文山里,1000501
village,10005010022,福麗里,1000501
village,10005010023,水源里,1000501
village,10005010024,新英里,1000501
village,10005010025,福安里,1000501
village,10005010026,嘉新里,1000501
village,10005010027,南勢里,1000501
village,10005010028,文聖里,1000501
village,10005020001,苑東里,1000502
village,10005020002,苑南里,1000502
village,10005020003,苑北里,1000502
village,10005020004,西平里,1000502
village,10005020005,苑港里,1000502
village,10005020006,西勢里,1000502
village,10005020007,海岸里,1000502
village,10005020008,房裡里,1000502
village,10005020009,客庄里,1000502
village,10005020010,中正里,1000502
village,10005020011,苑坑里,1000502
village,10005020012,水坡里,1000502
village,10005020013,新復里,1000502
village,10005020014,山脚里,1000502
village,10005020015,舊社里,1000502
village,10005020016,福田里,1000502
village,10005020017,石鎮里,1000502
village,10005020018,蕉埔里,1000502
village,10005020019,社苓里,1000502
village,10005020020,泰田里,1000502
village,10005020021,上舘里,1000502
village,10005020022,玉田里,1000502
village,10005020023,南勢里,1000502
village,10005020024,山柑里,1000502
village,10005020025,田心里,1000502
village,10005030001,通東里,1000503
village,10005030002,通西里,1000503
village,10005030003,平元里,1000503
village,10005030004,梅南里,1000503
village,10005030005,圳頭里,1000503
village,10005030006,通南里,1000503
village,10005030007,城北里,1000503
village,10005030008,城南里,1000503
village,10005030009,南和里,1000503
village,10005030010,福興里,1000503
village,10005030011,坪頂里,1000503
village,10005030012,五南里,1000503
village,10005030013,五北里,1000503
village,10005030014,內湖里,1000503
village,10005030015,楓樹里,1000503
village,10005030016,烏眉里,1000503
village,10005030017,福龍里,1000503
village,10005030018,福源里,1000503
village,10005030019,通灣里,1000503
village,10005030020,新埔里,1000503
village,10005030021,內島里,1000503
village,10005030022,白東里,1000503
village,10005030023,白西里,1000503
village,10005030024,平安里,1000503
village,10005090001,館中村,1000509
village,10005090002,館東村,1000509
village,10005090003,館南村,1000509
village,10005090004,大坑村,1000509
village,10005090005,中義村,1000509
village,10005090006,玉泉村,1000509
village,10005090007,石墻村,1000509
village,10005090008,福基村,1000509
village,10005090009,福星村,1000509
village,10005090010,開礦村,1000509
village,10005090011,福德村,1000509
village,10005090012,五谷村,1000509
village,10005090013,玉谷村,1000509
village,10005090014,鶴岡村,1000509
village,10005090015,鶴山村,1000509
village,10005090016,仁安村,1000509
village,10005090017,尖山村,1000509
village,10005090018,南河村,1000509
village,10005090019,北河村,1000509
village,10005100001,福興村,1000510
village,10005100002,銅鑼村,1000510
village,10005100003,朝陽村,1000510
village,10005100004,樟樹村,1000510
village,10005100005,九湖村,1000510
village,10005100006,竹森村,1000510
village,10005100007,中平村,1000510
village,10005100008,興隆村,1000510
village,10005100009,盛隆村,1000510
village,10005100010,新隆村,1000510
village,10005130001,廣盛村,1000513
village,10005130002,双湖村,1000513
village,10005130003,双潭村,1000513
village,10005130004,勝興村,1000513
village,10005130005,西湖村,1000513
village,10005130006,龍騰村,1000513
village,10005130007,鯉魚潭村,1000513
village,10005140001,高埔村,1000514
village,10005140002,下埔村,1000514
village,10005140003,五湖村,1000514
village,10005140004,四湖村,1000514
village,10005140005,金獅村,1000514
village,10005140006,龍洞村,1000514
village,10005140007,三湖村,1000514
village,10005140008,湖東村,1000514
village,10005140009,二湖村,1000514
village,10005120001,頭屋村,1000512
village,10005120002,象山村,1000512
village,10005120003,北坑村,1000512
village,10005120004,獅潭村,1000512
village,10005120005,曲洞村,1000512
village,10005120006,飛鳳村,1000512
village,10005120007,明德村,1000512
village,10005120008,鳴鳳村,1000512
village,10005040001,竹南里,1000504
village,10005040002,照南里,1000504
village,10005040003,正南里,1000504
village,10005040004,新南里,1000504
village,10005040005,大厝里,1000504
village,10005040006,營盤里,1000504
village,10005040007,聖福里,1000504
village,10005040008,竹興里,1000504
village,10005040009,龍鳳里,1000504
village,10005040010,山佳里,1000504
village,10005040011,中港里,1000504
village,10005040012,中華里,1000504
village,10005040013,中英里,1000504
village,10005040014,中美里,1000504
village,10005040015,開元里,1000504
village,10005040016,海口里,1000504
village,10005040017,港墘里,1000504
village,10005040018,公舘里,1000504
village,10005040019,大埔里,1000504
village,10005040020,頂埔里,1000504
village,10005040021,崎頂里,1000504
village,10005040022,公義里,1000504
village,10005040023,佳興里,1000504
village,10005040024,天文里,1000504
village,10005040025,龍山里,1000504
village,10005050001,流東里,1000505
village,10005050002,珊湖里,1000505
village,10005050003,斗煥里,1000505
village,10005050004,新華里,1000505
village,10005050005,興隆里,1000505
village,10005050006,上埔里,1000505
village,10005050007,土牛里,1000505
village,10005050008,頭份里,1000505
village,10005050009,忠孝里,1000505
village,10005050010,仁愛里,1000505
village,10005050011,信義里,1000505
village,10005050012,和平里,1000505
village,10005050013,民族里,1000505
village,10005050014,東庄里,1000505
village,10005050015,後庄里,1000505
village,10005050016,山下里,1000505
village,10005050017,蟠桃里,1000505
village,10005050018,田寮里,1000505
village,10005050019,蘆竹里,1000505
village,10005050020,上興里,1000505
village,10005050021,下興里,1000505
village,10005050022,尖山里,1000505
village,10005050023,尖下里,1000505
village,10005050024,廣興里,1000505
village,10005050025,濫坑里,1000505
village,10005050026,民權里,1000505
village,10005050027,民生里,1000505
village,10005050028,建國里,1000505
village,10005050029,成功里,1000505
village,10005050030,自強里,1000505
village,10005050031,合興里,1000505
village,10005050032,文化里,1000505
village,10005050033,中興里,1000505
village,10005050034,興安里,1000505
village,10005050035,上庄里,1000505
village,10005150001,造橋村,1000515
village,10005150002,平興村,1000515
village,10005150003,豐湖村,1000515
village,10005150004,大西村,1000515
village,10005150005,錦水村,1000515
village,10005150006,大龍村,1000515
village,10005150007,朝陽村,1000515
village,10005150008,談文村,1000515
village,10005150009,龍昇村,1000515
village,10005060001,南龍里,1000506
village,10005060002,中龍里,1000506
village,10005060003,北龍里,1000506
village,10005060004,大庄里,1000506
village,10005060005,溪洲里,1000506
village,10005060006,豐富里,1000506
village,10005060007,校椅里,1000506
village,10005060008,埔頂里,1000506
village,10005060009,新民里,1000506
village,10005060010,復興里,1000506
village,10005060011,東明里,1000506
village,10005060012,大山里,1000506
village,10005060013,灣寶里,1000506
village,10005060014,海寶里,1000506
village,10005060015,外埔里,1000506
village,10005060016,海埔里,1000506
village,10005060017,秀水里,1000506
village,10005060018,水尾里,1000506
village,10005060019,龍津里,1000506
village,10005060020,龍坑里,1000506
village,10005060021,福寧里,1000506
village,10005060022,中和里,1000506
village,10005060023,南港里,1000506
village,10005160001,三灣村,1000516
village,10005160002,內灣村,1000516
village,10005160003,銅鏡村,1000516
village,10005160004,頂寮村,1000516
village,10005160005,北埔村,1000516
village,10005160006,大河村,1000516
village,10005160007,大坪村,1000516
village,10005160008,永和村,1000516
village,10005110001,東村,1000511
village,10005110002,西村,1000511
village,10005110003,南江村,1000511
village,10005110004,田美村,1000511
village,10005110005,獅山村,1000511
village,10005110006,南富村,1000511
village,10005110007,員林村,1000511
village,10005110008,蓬萊村,1000511
village,10005110009,東河村,1000511
village,10005080001,大湖村,1000508
village,10005080002,明湖村,1000508
village,10005080003,靜湖村,1000508
village,10005080004,富興村,1000508
village,10005080005,大南村,1000508
village,10005080006,大寮村,1000508
village,10005080007,南湖村,1000508
village,10005080008,義和村,1000508
village,10005080009,東興村,1000508
village,10005080010,武榮村,1000508
village,10005080011,栗林村,1000508
village,10005080012,新開村,1000508
village,10005070001,中街里,1000507
village,10005070002,新厝里,1000507
village,10005070003,上新里,1000507
village,10005070004,豐田里,1000507
village,10005070005,西坪里,1000507
village,10005070006,景山里,1000507
village,10005070007,老庄里,1000507
village,10005070008,新榮里,1000507
village,10005070009,內灣里,1000507
village,10005070010,苗豐里,1000507
village,10005070011,坪林里,1000507
village,10005170001,百壽村,1000517
village,10005170002,永興村,1000517
village,10005170003,新店村,1000517
village,10005170004,和興村,1000517
village,10005170005,豐林村,1000517
village,10005170006,新豐村,1000517
village,10005170007,竹木村,1000517
village,10005180001,八卦村,1000518
village,10005180002,錦水村,1000518
village,10005180003,清安村,1000518
village,10005180004,大興村,1000518
village,10005180005,中興村,1000518
village,10005180006,梅園村,1000518
village,10005180007,象鼻村,1000518
village,10005180008,士林村,1000518
village,10008010001,龍泉里,1000801
village,10008010002,康壽里,1000801
village,10008010003,三民里,1000801
village,10008010004,仁和里,1000801
village,10008010005,南投里,1000801
village,10008010006,彰仁里,1000801
village,10008010007,崇文里,1000801
village,10008010008,漳興里,1000801
village,10008010009,漳和里,1000801
village,10008010010,軍功里,1000801
village,10008010011,東山里,1000801
village,10008010012,平和里,1000801
village,10008010013,振興里,1000801
village,10008010014,千秋里,1000801
village,10008010015,三興里,1000801
village,10008010016,三和里,1000801
village,10008010017,嘉興里,1000801
village,10008010018,嘉和里,1000801
village,10008010019,福山里,1000801
village,10008010020,永興里,1000801
village,10008010021,鳳鳴里,1000801
village,10008010022,鳳山里,1000801
village,10008010023,平山里,1000801
village,10008010024,新興里,1000801
village,10008010025,永豐里,1000801
village,10008010026,福興里,1000801
village,10008010027,營北里,1000801
village,10008010028,營南里,1000801
village,10008010029,內興里,1000801
village,10008010030,內新里,1000801
village,10008010031,光華里,1000801
village,10008010032,光榮里,1000801
village,10008010033,光明里,1000801
village,10008010034,光輝里,1000801
village,10008020001,東門里,1000802
village,10008020002,南門里,1000802
village,10008020003,西門里,1000802
village,10008020004,北門里,1000802
village,10008020005,同聲里,1000802
village,10008020006,薰化里,1000802
village,10008020007,清新里,1000802
village,10008020008,大城里,1000802
village,10008020009,籃城里,1000802
village,10008020010,枇杷里,1000802
village,10008020011,水頭里,1000802
village,10008020012,麒麟里,1000802
village,10008020013,珠格里,1000802
village,10008020014,溪南里,1000802
village,10008020015,桃米里,1000802
village,10008020016,成功里,1000802
village,10008020017,南村里,1000802
village,10008020018,愛蘭里,1000802
village,10008020019,鐵山里,1000802
village,10008020020,房里里,1000802
village,10008020021,向善里,1000802
village,10008020022,一新里,1000802
village,10008020023,廣成里,1000802
village,10008020024,史港里,1000802
village,10008020025,福興里,1000802
village,10008020026,牛眠里,1000802
village,10008020027,大湳里,1000802
village,10008020028,蜈蚣里,1000802
village,10008020029,合成里,1000802
village,10008020030,北安里,1000802
village,10008020031,杷城里,1000802
village,10008020032,北梅里,1000802
village,10008020033,泰安里,1000802
village,10008030001,玉峰里,1000803
village,10008030002,炎峰里,1000803
village,10008030003,和平里,1000803
village,10008030004,敦和里,1000803
village,10008030005,山腳里,1000803
village,10008030006,富寮里,1000803
village,10008030007,御史里,1000803
village,10008030008,新豐里,1000803
village,10008030009,碧峰里,1000803
village,10008030010,碧洲里,1000803
village,10008030011,復興里,1000803
village,10008030012,上林里,1000803
village,10008030013,新庄里,1000803
village,10008030014,北投里,1000803
village,10008030015,石川里,1000803
village,10008030016,加老里,1000803
village,10008030017,北勢里,1000803
village,10008030018,中原里,1000803
village,10008030019,南埔里,1000803
village,10008030020,土城里,1000803
village,10008030021,坪頂里,1000803
village,10008030022,雙冬里,1000803
village,10008030023,平林里,1000803
village,10008030024,中正里,1000803
village,10008030025,中山里,1000803
village,10008030026,明正里,1000803
village,10008030027,新厝里,1000803
village,10008040001,竹山里,1000804
village,10008040002,中正里,1000804
village,10008040003,中山里,1000804
village,10008040004,雲林里,1000804
village,10008040005,硘[磘]里,1000804
village,10008040006,下坪里,1000804
village,10008040007,桂林里,1000804
village,10008040008,中和里,1000804
village,10008040009,中崎里,1000804
village,10008040010,德興里,1000804
village,10008040011,延平里,1000804
village,10008040012,延正里,1000804
village,10008040013,延山里,1000804
village,10008040014,延和里,1000804
village,10008040015,山崇里,1000804
village,10008040016,社寮里,1000804
village,10008040017,中央里,1000804
village,10008040018,富州里,1000804
village,10008040019,大鞍里,1000804
village,10008040020,田子里,1000804
village,10008040021,福興里,1000804
village,10008040022,鯉魚里,1000804
village,10008040023,瑞竹里,1000804
village,10008040024,坪頂里,1000804
village,10008040025,桶頭里,1000804
village,10008040026,秀林里,1000804
village,10008040027,延祥里,1000804
village,10008040028,竹圍里,1000804
village,10008050001,集集里,1000805
village,10008050002,和平里,1000805
village,10008050003,林尾里,1000805
village,10008050004,田寮里,1000805
village,10008050005,隘寮里,1000805
village,10008050006,玉映里,1000805
village,10008050007,吳厝里,1000805
village,10008050008,八張里,1000805
village,10008050009,永昌里,1000805
village,10008050010,富山里,1000805
village,10008050011,廣明里,1000805
village,10008060001,南雅村,1000806
village,10008060002,中正村,1000806
village,10008060003,中山村,1000806
village,10008060004,濁水村,1000806
village,10008060005,炭寮村,1000806
village,10008060006,新民村,1000806
village,10008060007,新街村,1000806
village,10008060008,東湖村,1000806
village,10008060009,萬丹村,1000806
village,10008060010,田仔村,1000806
village,10008060011,大庄村,1000806
village,10008060012,廍下村,1000806
village,10008060013,大坑村,1000806
village,10008060014,竹圍村,1000806
village,10008060015,赤水村,1000806
village,10008060016,三崙村,1000806
village,10008060017,松山村,1000806
village,10008060018,松柏村,1000806
village,10008060019,埔中村,1000806
village,10008060020,崁腳村,1000806
village,10008060021,新厝村,1000806
village,10008060022,新光村,1000806
village,10008060023,仁和村,1000806
village,10008070001,鹿谷村,1000807
village,10008070002,初鄉村,1000807
village,10008070003,彰雅村,1000807
village,10008070004,廣興村,1000807
village,10008070005,內湖村,1000807
village,10008070006,竹林村,1000807
village,10008070007,竹豐村,1000807
village,10008070008,和雅村,1000807
village,10008070009,鳳凰村,1000807
village,10008070010,永隆村,1000807
village,10008070011,秀峰村,1000807
village,10008070012,清水村,1000807
village,10008070013,瑞田村,1000807
village,10008080001,廣興村,1000808
village,10008080002,崁頂村,1000808
village,10008080003,八仙村,1000808
village,10008080004,和興村,1000808
village,10008080005,福盛村,1000808
village,10008080006,永平村,1000808
village,10008080007,復興村,1000808
village,10008080008,中寮村,1000808
village,10008080009,廣福村,1000808
village,10008080010,永福村,1000808
village,10008080011,義和村,1000808
village,10008080012,清水村,1000808
village,10008080013,龍安村,1000808
village,10008080014,龍岩村,1000808
village,10008080015,永和村,1000808
village,10008080016,內城村,1000808
village,10008080017,永芳村,1000808
village,10008080018,爽文村,1000808
village,10008090001,東池村,1000809
village,10008090002,魚池村,1000809
village,10008090003,中明村,1000809
village,10008090004,新城村,1000809
village,10008090005,大林村,1000809
village,10008090006,東光村,1000809
village,10008090007,共和村,1000809
village,10008090008,大雁村,1000809
village,10008090009,五城村,1000809
village,10008090010,水社村,1000809
village,10008090011,頭社村,1000809
village,10008090012,武登村,1000809
village,10008090013,日月村,1000809
village,10008100001,國姓村,1000810
village,10008100002,石門村,1000810
village,10008100003,大旗村,1000810
village,10008100004,北港村,1000810
village,10008100005,長流村,1000810
village,10008100006,長福村,1000810
village,10008100007,福龜村,1000810
village,10008100008,乾溝村,1000810
village,10008100009,柑林村,1000810
village,10008100010,北山村,1000810
village,10008100011,南港村,1000810
village,10008100012,大石村,1000810
village,10008100013,長豐村,1000810
village,10008110001,水里村,1000811
village,10008110002,農富村,1000811
village,10008110003,新城村,1000811
village,10008110004,中央村,1000811
village,10008110005,城中村,1000811
village,10008110006,北埔村,1000811
village,10008110007,鉅工村,1000811
village,10008110008,永豐村,1000811
village,10008110009,頂崁村,1000811
village,10008110010,車埕村,1000811
village,10008110011,新興村,1000811
village,10008110012,新山村,1000811
village,10008110013,郡坑村,1000811
village,10008110014,上安村,1000811
village,10008110015,民和村,1000811
village,10008110016,永興村,1000811
village,10008110017,玉峰村,1000811
village,10008110018,興隆村,1000811
village,10008110019,南光村,1000811
village,10008120001,人和村,1000812
village,10008120002,地利村,1000812
village,10008120003,潭南村,1000812
village,10008120004,明德村,1000812
village,10008120005,愛國村,1000812
village,10008120006,自強村,1000812
village,10008120007,羅娜村,1000812
village,10008120008,望美村,1000812
village,10008120009,同富村,1000812
village,10008120010,神木村,1000812
village,10008120011,東埔村,1000812
village,10008120012,雙龍村,1000812
village,10008120013,新鄉村,1000812
village,10008120014,豐丘村,1000812
village,10008120015,卡里布安村,1000812
village,10008130001,法治村,1000813
village,10008130002,中正村,1000813
village,10008130003,互助村,1000813
village,10008130004,新生村,1000813
village,10008130005,力行村,1000813
village,10008130006,發祥村,1000813
village,10008130008,親愛村,1000813
village,10008130009,大同村,1000813
village,10008130010,南豐村,1000813
village,10008130011,春陽村,1000813
village,10008130012,精英村,1000813
village,10008130013,萬豐村,1000813
village,10008130014,榮興村,1000813
village,10008130015,翠華村,1000813
village,10008130016,都達村,1000813
village,10008130017,德鹿谷村,1000813
village,10007010001,文化里,1000701
village,10007010002,下廍里,1000701
village,10007010003,興北里,1000701
village,10007010004,信義里,1000701
village,10007010005,民生里,1000701
village,10007010006,陽明里,1000701
village,10007010007,萬安里,1000701
village,10007010008,新興里,1000701
village,10007010009,新華里,1000701
village,10007010010,龍山里,1000701
village,10007010011,中山里,1000701
village,10007010012,中正里,1000701
village,10007010013,永福里,1000701
village,10007010014,光復里,1000701
village,10007010015,光華里,1000701
village,10007010016,萬壽里,1000701
village,10007010017,中央里,1000701
village,10007010018,富貴里,1000701
village,10007010019,民權里,1000701
village,10007010020,西興里,1000701
village,10007010021,西勢里,1000701
village,10007010022,忠孝里,1000701
village,10007010023,忠權里,1000701
village,10007010024,五權里,1000701
village,10007010025,長樂里,1000701
village,10007010026,東芳里,1000701
village,10007010027,南安里,1000701
village,10007010028,南美里,1000701
village,10007010029,莿桐里,1000701
village,10007010030,磚[磘]里,1000701
village,10007010031,平和里,1000701
village,10007010032,桃源里,1000701
village,10007010033,卦山里,1000701
village,10007010034,東興里,1000701
village,10007010035,大同里,1000701
village,10007010036,永生里,1000701
village,10007010037,華陽里,1000701
village,10007010038,華北里,1000701
village,10007010039,南瑶里,1000701
village,10007010040,成功里,1000701
village,10007010041,延和里,1000701
village,10007010042,南興里,1000701
village,10007010043,西安里,1000701
village,10007010044,彰安里,1000701
village,10007010045,光南里,1000701
village,10007010046,介壽里,1000701
village,10007010047,延平里,1000701
village,10007010048,建寶里,1000701
village,10007010049,福安里,1000701
village,10007010050,大竹里,1000701
village,10007010051,竹中里,1000701
village,10007010052,安溪里,1000701
village,10007010053,香山里,1000701
village,10007010054,牛埔里,1000701
village,10007010055,福山里,1000701
village,10007010056,中庄里,1000701
village,10007010057,三村里,1000701
village,10007010058,國聖里,1000701
village,10007010059,寶廍里,1000701
village,10007010060,茄苳里,1000701
village,10007010061,茄南里,1000701
village,10007010062,阿夷里,1000701
village,10007010063,古夷里,1000701
village,10007010064,復興里,1000701
village,10007010065,和調里,1000701
village,10007010066,石牌里,1000701
village,10007010067,福田里,1000701
village,10007010068,竹巷里,1000701
village,10007010069,田中里,1000701
village,10007010070,快官里,1000701
village,10007010071,台鳳里,1000701
village,10007010072,崙平里,1000701
village,10007010073,向陽里,1000701
village,10007020001,大有里,1000702
village,10007020002,中興里,1000702
village,10007020003,洛津里,1000702
village,10007020004,順興里,1000702
village,10007020005,頂厝里,1000702
village,10007020006,東崎里,1000702
village,10007020007,埔崙里,1000702
village,10007020008,東石里,1000702
village,10007020009,郭厝里,1000702
village,10007020010,新宮里,1000702
village,10007020011,玉順里,1000702
village,10007020012,景福里,1000702
village,10007020013,泰興里,1000702
village,10007020014,長興里,1000702
village,10007020015,龍山里,1000702
village,10007020016,興化里,1000702
village,10007020017,菜園里,1000702
village,10007020018,街尾里,1000702
village,10007020019,頂番里,1000702
village,10007020020,頭崙里,1000702
village,10007020021,廖厝里,1000702
village,10007020022,溝墘里,1000702
village,10007020023,草中里,1000702
village,10007020024,頭南里,1000702
village,10007020025,山崙里,1000702
village,10007020026,海埔里,1000702
village,10007020027,詔安里,1000702
village,10007020028,洋厝里,1000702
village,10007020029,永安里,1000702
village,10007020030,鹿和里,1000702
village,10007020031,鹿東里,1000702
village,10007030001,竹營里,1000703
village,10007030002,和東里,1000703
village,10007030003,和南里,1000703
village,10007030004,和北里,1000703
village,10007030005,和西里,1000703
village,10007030006,四張里,1000703
village,10007030007,頭前里,1000703
village,10007030008,還社里,1000703
village,10007030009,面前里,1000703
village,10007030010,鎮平里,1000703
village,10007030011,大霞里,1000703
village,10007030012,源埤里,1000703
village,10007030013,南佃里,1000703
village,10007030014,雅溝里,1000703
village,10007030015,山犁里,1000703
village,10007030016,嘉犁里,1000703
village,10007030017,鐵山里,1000703
village,10007030018,詔安里,1000703
village,10007030019,柑井里,1000703
village,10007030020,竹園里,1000703
village,10007030021,新庄里,1000703
village,10007030022,犁盛里,1000703
village,10007030023,中寮里,1000703
village,10007030024,中圍里,1000703
village,10007030025,糖友里,1000703
village,10007030026,塗厝里,1000703
village,10007030027,地潭里,1000703
village,10007030028,湖內里,1000703
village,10007030029,嘉寶里,1000703
village,10007030030,月眉里,1000703
village,10007030031,好修里,1000703
village,10007030032,仁愛里,1000703
village,10007190001,光復里,1000719
village,10007190002,新政里,1000719
village,10007190003,重慶里,1000719
village,10007190004,五權里,1000719
village,10007190005,七星里,1000719
village,10007190006,居仁里,1000719
village,10007190007,東光里,1000719
village,10007190008,文昌里,1000719
village,10007190009,中和里,1000719
village,10007190010,西德里,1000719
village,10007190011,西安里,1000719
village,10007190012,中寮里,1000719
village,10007190013,大道里,1000719
village,10007190014,新生里,1000719
village,10007190015,大新里,1000719
village,10007100001,東和里,1000710
village,10007100002,民生里,1000710
village,10007100003,中正里,1000710
village,10007100004,仁美里,1000710
village,10007100005,新興里,1000710
village,10007100006,和平里,1000710
village,10007100007,光明里,1000710
village,10007100008,中山里,1000710
village,10007100009,黎明里,1000710
village,10007100010,惠來里,1000710
village,10007100011,三義里,1000710
village,10007100012,新生里,1000710
village,10007100013,南平里,1000710
village,10007100014,南興里,1000710
village,10007100015,源潭里,1000710
village,10007100016,大埔里,1000710
village,10007100017,三條里,1000710
village,10007100018,三和里,1000710
village,10007100019,三橋里,1000710
village,10007100020,中央里,1000710
village,10007100021,溝皂里,1000710
village,10007100022,大饒里,1000710
village,10007100023,大明里,1000710
village,10007100024,萬年里,1000710
village,10007100025,崙雅里,1000710
village,10007100026,振興里,1000710
village,10007100027,林厝里,1000710
village,10007100028,出水里,1000710
village,10007100029,湖水里,1000710
village,10007100030,大峯里,1000710
village,10007100031,鎮興里,1000710
village,10007100032,浮圳里,1000710
village,10007100033,西東里,1000710
village,10007100034,南東里,1000710
village,10007100035,中東里,1000710
village,10007100036,東北里,1000710
village,10007100037,三愛里,1000710
village,10007100038,三信里,1000710
village,10007100039,三多里,1000710
village,10007100040,仁愛里,1000710
village,10007100041,忠孝里,1000710
village,10007110001,光平里,1000711
village,10007110002,平和里,1000711
village,10007110003,太平里,1000711
village,10007110004,光華里,1000711
village,10007110005,東寮里,1000711
village,10007110006,西寮里,1000711
village,10007110007,大突里,1000711
village,10007110008,北勢里,1000711
village,10007110009,汴頭里,1000711
village,10007110010,大竹里,1000711
village,10007110011,湖西里,1000711
village,10007110012,田中里,1000711
village,10007110013,河東里,1000711
village,10007110014,中山里,1000711
village,10007110015,中竹里,1000711
village,10007110016,東溪里,1000711
village,10007110017,西溪里,1000711
village,10007110018,湖東里,1000711
village,10007110019,頂庄里,1000711
village,10007110020,忠覺里,1000711
village,10007110021,湳底里,1000711
village,10007110022,大庭里,1000711
village,10007110023,媽厝里,1000711
village,10007110024,西勢里,1000711
village,10007110025,番婆里,1000711
village,10007120001,香山里,1000712
village,10007120002,碧峰里,1000712
village,10007120003,東源里,1000712
village,10007120004,復興里,1000712
village,10007120005,平和里,1000712
village,10007120006,頂潭里,1000712
village,10007120007,中潭里,1000712
village,10007120008,龍潭里,1000712
village,10007120009,北路里,1000712
village,10007120010,西路里,1000712
village,10007120011,東路里,1000712
village,10007120012,南路里,1000712
village,10007120013,中路里,1000712
village,10007120014,新庄里,1000712
village,10007120015,三安里,1000712
village,10007120016,大崙里,1000712
village,10007120017,沙崙里,1000712
village,10007120018,新民里,1000712
village,10007120019,梅州里,1000712
village,10007120020,三民里,1000712
village,10007120021,三光里,1000712
village,10007120022,大社里,1000712
village,10007200001,東和里,1000720
village,10007200002,南光里,1000720
village,10007200003,西平里,1000720
village,10007200004,北平里,1000720
village,10007200005,中西里,1000720
village,10007200006,廣興里,1000720
village,10007200007,香田里,1000720
village,10007200008,外竹里,1000720
village,10007200009,興華里,1000720
village,10007200010,東興里,1000720
village,10007200011,後厝里,1000720
village,10007200012,豐田里,1000720
village,10007200013,頂厝里,1000720
village,10007200014,趙甲里,1000720
village,10007200015,振興里,1000720
village,10007200016,萬興里,1000720
village,10007200017,永興里,1000720
village,10007200018,西庄里,1000720
village,10007200019,梅芳里,1000720
village,10007200020,華崙里,1000720
village,10007200021,東勢里,1000720
village,10007200022,萬合里,1000720
village,10007200023,大永里,1000720
village,10007200024,原斗里,1000720
village,10007200025,西斗里,1000720
village,10007200026,東華里,1000720
village,10007200027,復豐里,1000720
village,10007040001,線西村,1000704
village,10007040002,頂庄村,1000704
village,10007040003,寓埔村,1000704
village,10007040004,塭仔村,1000704
village,10007040005,溝內村,1000704
village,10007040006,下犁村,1000704
village,10007040007,頂犁村,1000704
village,10007040008,德興村,1000704
village,10007050001,曾家村,1000705
village,10007050002,蚵寮村,1000705
village,10007050003,埤墘村,1000705
village,10007050004,溪底村,1000705
village,10007050005,泉州村,1000705
village,10007050006,泉厝村,1000705
village,10007050007,海尾村,1000705
village,10007050008,全興村,1000705
village,10007050009,定興村,1000705
village,10007050010,新港村,1000705
village,10007050011,什股村,1000705
village,10007050012,大同村,1000705
village,10007050013,七嘉村,1000705
village,10007050014,汴頭村,1000705
village,10007060001,番社村,1000706
village,10007060002,社尾村,1000706
village,10007060003,大崙村,1000706
village,10007060004,外埔村,1000706
village,10007060005,外中村,1000706
village,10007060006,元中村,1000706
village,10007060007,三汴村,1000706
village,10007060008,萬豐村,1000706
village,10007060009,番婆村,1000706
village,10007060010,橋頭村,1000706
village,10007060011,秀厝村,1000706
village,10007060012,鎮平村,1000706
village,10007060013,三和村,1000706
village,10007060014,麥厝村,1000706
village,10007060015,廈粘村,1000706
village,10007060016,頂粘村,1000706
village,10007060017,福寶村,1000706
village,10007060018,二港村,1000706
village,10007060019,福興村,1000706
village,10007060020,福南村,1000706
village,10007060021,同安村,1000706
village,10007060022,西勢村,1000706
village,10007070001,秀水村,1000707
village,10007070002,安溪村,1000707
village,10007070003,莊雅村,1000707
village,10007070004,金興村,1000707
village,10007070005,陝西村,1000707
village,10007070006,安東村,1000707
village,10007070007,鶴鳴村,1000707
village,10007070008,馬興村,1000707
village,10007070009,義興村,1000707
village,10007070010,福安村,1000707
village,10007070011,埔崙村,1000707
village,10007070012,曾厝村,1000707
village,10007070013,金陵村,1000707
village,10007070014,下崙村,1000707
village,10007080001,花壇村,1000708
village,10007080002,金墩村,1000708
village,10007080003,中庄村,1000708
village,10007080004,劉厝村,1000708
village,10007080005,崙雅村,1000708
village,10007080006,南口村,1000708
village,10007080007,中口村,1000708
village,10007080008,北口村,1000708
village,10007080009,長沙村,1000708
village,10007080010,文德村,1000708
village,10007080011,白沙村,1000708
village,10007080012,岩竹村,1000708
village,10007080013,橋頭村,1000708
village,10007080014,灣雅村,1000708
village,10007080015,灣東村,1000708
village,10007080016,三春村,1000708
village,10007080017,永春村,1000708
village,10007080018,長春村,1000708
village,10007090001,舊社村,1000709
village,10007090002,大埔村,1000709
village,10007090003,竹林村,1000709
village,10007090004,社口村,1000709
village,10007090005,茄荖村,1000709
village,10007090006,嘉興村,1000709
village,10007090007,芬園村,1000709
village,10007090008,縣庄村,1000709
village,10007090009,圳墘村,1000709
village,10007090010,溪頭村,1000709
village,10007090011,進芬村,1000709
village,10007090012,同安村,1000709
village,10007090013,中崙村,1000709
village,10007090014,大竹村,1000709
village,10007090015,楓坑村,1000709
village,10007130001,大村村,1000713
village,10007130002,茄苳村,1000713
village,10007130003,南勢村,1000713
village,10007130004,田洋村,1000713
village,10007130005,新興村,1000713
village,10007130006,過溝村,1000713
village,10007130007,美港村,1000713
village,10007130008,平和村,1000713
village,10007130009,貢旗村,1000713
village,10007130010,加錫村,1000713
village,10007130011,村上村,1000713
village,10007130012,大橋村,1000713
village,10007130013,大崙村,1000713
village,10007130014,擺塘村,1000713
village,10007130015,黃厝村,1000713
village,10007130016,福興村,1000713
village,10007140001,埔鹽村,1000714
village,10007140002,埔南村,1000714
village,10007140003,廍子村,1000714
village,10007140004,出水村,1000714
village,10007140005,南港村,1000714
village,10007140006,打廉村,1000714
village,10007140007,豐澤村,1000714
village,10007140008,崑崙村,1000714
village,10007140009,角樹村,1000714
village,10007140010,瓦[磘]村,1000714
village,10007140011,好修村,1000714
village,10007140012,西湖村,1000714
village,10007140013,大有村,1000714
village,10007140014,新興村,1000714
village,10007140015,永平村,1000714
village,10007140016,永樂村,1000714
village,10007140017,石埤村,1000714
village,10007140018,天盛村,1000714
village,10007140019,太平村,1000714
village,10007140020,新水村,1000714
village,10007140021,三省村,1000714
village,10007140022,南新村,1000714
village,10007150001,東門村,1000715
village,10007150002,埔心村,1000715
village,10007150003,義民村,1000715
village,10007150004,油車村,1000715
village,10007150005,瓦北村,1000715
village,10007150006,瓦中村,1000715
village,10007150007,瓦南村,1000715
village,10007150008,太平村,1000715
village,10007150009,經口村,1000715
village,10007150010,大華村,1000715
village,10007150011,仁里村,1000715
village,10007150012,舊舘村,1000715
village,10007150013,南舘村,1000715
village,10007150014,新舘村,1000715
village,10007150015,羅厝村,1000715
village,10007150016,芎蕉村,1000715
village,10007150017,二重村,1000715
village,10007150018,梧鳳村,1000715
village,10007150019,埤霞村,1000715
village,10007150020,埤脚村,1000715
village,10007160001,永東村,1000716
village,10007160002,永西村,1000716
village,10007160003,永南村,1000716
village,10007160004,永北村,1000716
village,10007160005,港西村,1000716
village,10007160006,五福村,1000716
village,10007160007,湳港村,1000716
village,10007160008,新莊村,1000716
village,10007160009,瑚璉村,1000716
village,10007160010,五汴村,1000716
village,10007160011,浮圳村,1000716
village,10007160012,光雲村,1000716
village,10007160013,東寧村,1000716
village,10007160014,永興村,1000716
village,10007160015,崙子村,1000716
village,10007160016,獨鰲村,1000716
village,10007160017,敦厚村,1000716
village,10007160018,崙美村,1000716
village,10007160019,同安村,1000716
village,10007160020,同仁村,1000716
village,10007160021,湳墘村,1000716
village,10007160022,四芳村,1000716
village,10007160023,福興村,1000716
village,10007160024,竹子村,1000716
village,10007170001,社頭村,1000717
village,10007170002,東興村,1000717
village,10007170003,山湖村,1000717
village,10007170004,廣興村,1000717
village,10007170005,廣福村,1000717
village,10007170006,朝興村,1000717
village,10007170007,仁雅村,1000717
village,10007170008,橋頭村,1000717
village,10007170009,仁和村,1000717
village,10007170010,崙雅村,1000717
village,10007170011,湳底村,1000717
village,10007170012,泰安村,1000717
village,10007170013,美雅村,1000717
village,10007170014,新厝村,1000717
village,10007170015,平和村,1000717
village,10007170016,里仁村,1000717
village,10007170017,張厝村,1000717
village,10007170018,龍井村,1000717
village,10007170019,舊社村,1000717
village,10007170020,埤斗村,1000717
village,10007170021,湳雅村,1000717
village,10007170022,松竹村,1000717
village,10007170023,清水村,1000717
village,10007170024,協和村,1000717
village,10007180001,合和村,1000718
village,10007180002,上豊村,1000718
village,10007180003,過圳村,1000718
village,10007180004,五伯村,1000718
village,10007180005,光化村,1000718
village,10007180006,文化村,1000718
village,10007180007,二水村,1000718
village,10007180008,聖化村,1000718
village,10007180009,裕民村,1000718
village,10007180010,惠民村,1000718
village,10007180011,大園村,1000718
village,10007180012,修仁村,1000718
village,10007180013,合興村,1000718
village,10007180014,源泉村,1000718
village,10007180015,倡和村,1000718
village,10007180016,復興村,1000718
village,10007180017,十五村,1000718
village,10007210001,田尾村,1000721
village,10007210002,豐田村,1000721
village,10007210003,饒平村,1000721
village,10007210004,睦宜村,1000721
village,10007210005,福田村,1000721
village,10007210006,新興村,1000721
village,10007210007,北鎮村,1000721
village,10007210008,南鎮村,1000721
village,10007210009,新生村,1000721
village,10007210010,南曾村,1000721
village,10007210011,北曾村,1000721
village,10007210012,溪畔村,1000721
village,10007210013,打簾村,1000721
village,10007210014,柳鳳村,1000721
village,10007210015,陸豐村,1000721
village,10007210016,海豐村,1000721
village,10007210017,仁里村,1000721
village,10007210018,新厝村,1000721
village,10007210019,溪頂村,1000721
village,10007210020,正義村,1000721
village,10007220001,和豊村,1000722
village,10007220002,興農村,1000722
village,10007220003,埤頭村,1000722
village,10007220004,豊崙村,1000722
village,10007220005,崙子村,1000722
village,10007220007,合興村,1000722
village,10007220008,平原村,1000722
village,10007220009,崙腳村,1000722
village,10007220010,元埔村,1000722
village,10007220011,芙朝村,1000722
village,10007220012,新庄村,1000722
village,10007220013,陸嘉村,1000722
village,10007220014,竹圍村,1000722
village,10007220015,中和村,1000722
village,10007220016,庄內村,1000722
village,10007220017,大湖村,1000722
village,10007220018,永豐村,1000722
village,10007230001,芳苑村,1000723
village,10007230002,芳中村,1000723
village,10007230003,仁愛村,1000723
village,10007230004,信義村,1000723
village,10007230005,後寮村,1000723
village,10007230006,三合村,1000723
village,10007230007,永興村,1000723
village,10007230008,五俊村,1000723
village,10007230009,路上村,1000723
village,10007230010,路平村,1000723
village,10007230011,三成村,1000723
village,10007230012,福榮村,1000723
village,10007230013,頂廍村,1000723
village,10007230014,新街村,1000723
village,10007230015,王功村,1000723
village,10007230016,博愛村,1000723
village,10007230017,和平村,1000723
village,10007230018,民生村,1000723
village,10007230019,興仁村,1000723
village,10007230020,新寶村,1000723
village,10007230021,草湖村,1000723
village,10007230022,文津村,1000723
village,10007230023,建平村,1000723
village,10007230024,崙腳村,1000723
village,10007230025,新生村,1000723
village,10007230026,漢寶村,1000723
village,10007240001,潭墘村,1000724
village,10007240002,上山村,1000724
village,10007240003,東城村,1000724
village,10007240004,西城村,1000724
village,10007240005,大城村,1000724
village,10007240006,菜寮村,1000724
village,10007240007,山腳村,1000724
village,10007240008,永和村,1000724
village,10007240009,頂庄村,1000724
village,10007240010,公館村,1000724
village,10007240011,臺西村,1000724
village,10007240012,東港村,1000724
village,10007240013,西港村,1000724
village,10007240014,豐美村,1000724
village,10007240015,三豐村,1000724
village,10007250001,竹元村,1000725
village,10007250002,竹塘村,1000725
village,10007250003,小西村,1000725
village,10007250004,民靖村,1000725
village,10007250005,五庄村,1000725
village,10007250006,樹腳村,1000725
village,10007250007,田頭村,1000725
village,10007250008,新廣村,1000725
village,10007250009,溪墘村,1000725
village,10007250010,竹林村,1000725
village,10007250011,土庫村,1000725
village,10007250012,內新村,1000725
village,10007250013,長安村,1000725
village,10007250014,永安村,1000725
village,10007260001,溪厝村,1000726
village,10007260002,舊眉村,1000726
village,10007260003,柑園村,1000726
village,10007260004,水尾村,1000726
village,10007260005,坑厝村,1000726
village,10007260006,圳寮村,1000726
village,10007260007,潮洋村,1000726
village,10007260008,瓦厝村,1000726
village,10007260009,西畔村,1000726
village,10007260010,張厝村,1000726
village,10007260011,溪州村,1000726
village,10007260012,成功村,1000726
village,10007260013,菜公村,1000726
village,10007260014,尾厝村,1000726
village,10007260015,大庄村,1000726
village,10007260016,三圳村,1000726
village,10007260017,東州村,1000726
village,10007260018,榮光村,1000726
village,10007260019,三條村,1000726
village,10018010001,南門里,1001801
village,10018010002,福德里,1001801
village,10018010003,南市里,1001801
village,10018010004,關帝里,1001801
village,10018010005,東門里,1001801
village,10018010006,榮光里,1001801
village,10018010007,成功里,1001801
village,10018010008,下竹里,1001801
village,10018010009,竹蓮里,1001801
village,10018010010,寺前里,1001801
village,10018010011,育賢里,1001801
village,10018010012,中正里,1001801
village,10018010013,公園里,1001801
village,10018010014,頂竹里,1001801
village,10018010015,南大里,1001801
village,10018010016,振興里,1001801
village,10018010017,親仁里,1001801
village,10018010018,文華里,1001801
village,10018010019,復中里,1001801
village,10018010020,三民里,1001801
village,10018010021,東園里,1001801
village,10018010022,東勢里,1001801
village,10018010023,光復里,1001801
village,10018010024,豐功里,1001801
village,10018010025,武功里,1001801
village,10018010026,綠水里,1001801
village,10018010027,東山里,1001801
village,10018010028,光鎮里,1001801
village,10018010029,新興里,1001801
village,10018010030,柴橋里,1001801
village,10018010031,高峰里,1001801
village,10018010032,仙宮里,1001801
village,10018010033,光明里,1001801
village,10018010035,立功里,1001801
village,10018010036,軍功里,1001801
village,10018010037,建功里,1001801
village,10018010038,前溪里,1001801
village,10018010039,水源里,1001801
village,10018010040,千甲里,1001801
village,10018010041,埔頂里,1001801
village,10018010042,龍山里,1001801
village,10018010043,新莊里,1001801
village,10018010044,仙水里,1001801
village,10018010045,金山里,1001801
village,10018010046,關東里,1001801
village,10018010047,科園里,1001801
village,10018010048,建華里,1001801
village,10018010049,新光里,1001801
village,10018010050,復興里,1001801
village,10018010051,錦華里,1001801
village,10018010052,湖濱里,1001801
village,10018010053,明湖里,1001801
village,10018010054,關新里,1001801
village,10009010001,忠孝里,1000901
village,10009010002,仁愛里,1000901
village,10009010003,信義里,1000901
village,10009010004,四維里,1000901
village,10009010005,太平里,1000901
village,10009010006,中和里,1000901
village,10009010007,光興里,1000901
village,10009010008,三平里,1000901
village,10009010009,八德里,1000901
village,10009010010,鎮北里,1000901
village,10009010011,龍潭里,1000901
village,10009010012,鎮南里,1000901
village,10009010013,林頭里,1000901
village,10009010014,重光里,1000901
village,10009010015,溝埧里,1000901
village,10009010016,江厝里,1000901
village,10009010017,三光里,1000901
village,10009010018,崙峯里,1000901
village,10009010019,嘉東里,1000901
village,10009010020,久安里,1000901
village,10009010021,長平里,1000901
village,10009010022,保庄里,1000901
village,10009010023,虎溪里,1000901
village,10009010024,梅林里,1000901
village,10009010025,湖山里,1000901
village,10009010026,榴中里,1000901
village,10009010027,榴北里,1000901
village,10009010028,榴南里,1000901
village,10009010029,溪洲里,1000901
village,10009010030,長安里,1000901
village,10009010031,十三里,1000901
village,10009010032,鎮東里,1000901
village,10009010033,鎮西里,1000901
village,10009010034,公正里,1000901
village,10009010035,社口里,1000901
village,10009010036,公誠里,1000901
village,10009010037,明德里,1000901
village,10009010038,成功里,1000901
village,10009010039,文化里,1000901
village,10009010040,正心里,1000901
village,10009020001,東仁里,1000902
village,10009020002,西岐里,1000902
village,10009020003,南昌里,1000902
village,10009020004,北銘里,1000902
village,10009020005,中天里,1000902
village,10009020006,舊社里,1000902
village,10009020007,林子里,1000902
village,10009020008,石龜里,1000902
village,10009020009,靖興里,1000902
village,10009020010,新南里,1000902
village,10009020011,阿丹里,1000902
village,10009020012,將軍里,1000902
village,10009020013,東明里,1000902
village,10009020014,新光里,1000902
village,10009020015,田頭里,1000902
village,10009020016,明昌里,1000902
village,10009020017,大東里,1000902
village,10009020018,埤麻里,1000902
village,10009020019,西伯里,1000902
village,10009020020,新崙里,1000902
village,10009020021,小東里,1000902
village,10009020022,石溪里,1000902
village,10009020023,大同里,1000902
village,10009020024,僑真里,1000902
village,10009030001,中山里,1000903
village,10009030002,新興里,1000903
village,10009030003,東仁里,1000903
village,10009030004,公安里,1000903
village,10009030005,德興里,1000903
village,10009030006,西安里,1000903
village,10009030007,安慶里,1000903
village,10009030008,平和里,1000903
village,10009030009,興南里,1000903
village,10009030010,新吉里,1000903
village,10009030011,穎川里,1000903
village,10009030012,延平里,1000903
village,10009030013,三合里,1000903
village,10009030014,北溪里,1000903
village,10009030015,墾地里,1000903
village,10009030016,西屯里,1000903
village,10009030017,芳草里,1000903
village,10009030018,埒內里,1000903
village,10009030019,堀頭里,1000903
village,10009030020,安溪里,1000903
village,10009030021,興中里,1000903
village,10009030022,廉使里,1000903
village,10009030023,惠來里,1000903
village,10009030024,頂溪里,1000903
village,10009030025,中溪里,1000903
village,10009030026,下溪里,1000903
village,10009030027,建國里,1000903
village,10009030028,立仁里,1000903
village,10009030029,東屯里,1000903
village,10009040001,振興里,1000904
village,10009040002,大園里,1000904
village,10009040003,廣福里,1000904
village,10009040004,正興里,1000904
village,10009040005,永安里,1000904
village,10009040006,中和里,1000904
village,10009040007,福興里,1000904
village,10009040008,光華里,1000904
village,10009040009,中興里,1000904
village,10009040010,漢光里,1000904
village,10009040011,新安里,1000904
village,10009040012,新豐里,1000904
village,10009040013,詔安里,1000904
village,10009040014,河南里,1000904
village,10009040015,安定里,1000904
village,10009040016,福田里,1000904
village,10009040017,大新里,1000904
village,10009040018,埤頭里,1000904
village,10009040019,東興里,1000904
village,10009040020,廣興里,1000904
village,10009040021,鹿場里,1000904
village,10009040022,頂湳里,1000904
village,10009040023,下湳里,1000904
village,10009040024,九隆里,1000904
village,10009040025,吳厝里,1000904
village,10009040026,七座里,1000904
village,10009040027,公舘里,1000904
village,10009050001,忠正里,1000905
village,10009050002,順天里,1000905
village,10009050003,宮北里,1000905
village,10009050004,越港里,1000905
village,10009050005,溪邊里,1000905
village,10009050006,興新里,1000905
village,10009050007,奮起里,1000905
village,10009050008,埤腳里,1000905
village,10009050009,大荖里,1000905
village,10009050010,石廟里,1000905
village,10009050011,東平里,1000905
village,10009050012,南平里,1000905
village,10009050013,北平里,1000905
village,10009050014,西平里,1000905
village,10009050015,後埔里,1000905
village,10009050016,崙內里,1000905
village,10009050017,新庄里,1000905
village,10009060001,東陽里,1000906
village,10009060002,光民里,1000906
village,10009060003,東華里,1000906
village,10009060004,南安里,1000906
village,10009060005,中和里,1000906
village,10009060006,義民里,1000906
village,10009060007,共榮里,1000906
village,10009060008,西勢里,1000906
village,10009060009,仁和里,1000906
village,10009060010,賜福里,1000906
village,10009060011,公舘里,1000906
village,10009060012,大同里,1000906
village,10009060013,仁安里,1000906
village,10009060014,華勝里,1000906
village,10009060015,光復里,1000906
village,10009060016,新街里,1000906
village,10009060017,劉厝里,1000906
village,10009060018,府番里,1000906
village,10009060019,草湖里,1000906
village,10009060020,溝皂里,1000906
village,10009060021,後溝里,1000906
village,10009060022,番溝里,1000906
village,10009060023,大北里,1000906
village,10009060024,好收里,1000906
village,10009060025,樹腳里,1000906
village,10009060026,扶朝里,1000906
village,10009060027,水埔里,1000906
village,10009060028,新厝里,1000906
village,10009070001,水碓村,1000907
village,10009070002,田心村,1000907
village,10009070003,高林村,1000907
village,10009070004,荷苞村,1000907
village,10009070005,東和村,1000907
village,10009070006,新庄村,1000907
village,10009070007,棋盤村,1000907
village,10009070008,華山村,1000907
village,10009070009,華南村,1000907
village,10009070010,永光村,1000907
village,10009070011,桂林村,1000907
village,10009070012,崁腳村,1000907
village,10009070013,樟湖村,1000907
village,10009070014,草嶺村,1000907
village,10009070015,永昌村,1000907
village,10009070016,麻園村,1000907
village,10009070017,古坑村,1000907
village,10009070018,朝陽村,1000907
village,10009070019,西平村,1000907
village,10009070020,湳仔村,1000907
village,10009080001,北和村,1000908
village,10009080002,南和村,1000908
village,10009080003,大德村,1000908
village,10009080004,松竹村,1000908
village,10009080005,尚義村,1000908
village,10009080006,嘉興村,1000908
village,10009080007,豐田村,1000908
village,10009080008,三結村,1000908
village,10009080009,吉田村,1000908
village,10009080010,豐岡村,1000908
village,10009080011,聯美村,1000908
village,10009080012,怡然村,1000908
village,10009080013,北鎮村,1000908
village,10009080014,興安村,1000908
village,10009080015,西鎮村,1000908
village,10009090001,莿桐村,1000909
village,10009090002,甘厝村,1000909
village,10009090003,甘西村,1000909
village,10009090004,興桐村,1000909
village,10009090005,義和村,1000909
village,10009090006,埔子村,1000909
village,10009090007,大美村,1000909
village,10009090008,埔尾村,1000909
village,10009090009,饒平村,1000909
village,10009090010,興貴村,1000909
village,10009090011,四合村,1000909
village,10009090012,麻園村,1000909
village,10009090013,五華村,1000909
village,10009090014,六合村,1000909
village,10009100001,林南村,1000910
village,10009100002,林中村,1000910
village,10009100003,林北村,1000910
village,10009100004,坪頂村,1000910
village,10009100005,林茂村,1000910
village,10009100006,九芎村,1000910
village,10009100007,湖本村,1000910
village,10009100008,烏塗村,1000910
village,10009100009,烏麻村,1000910
village,10009100010,重興村,1000910
village,10009110001,崙東村,1000911
village,10009110002,崙西村,1000911
village,10009110003,來惠村,1000911
village,10009110004,三和村,1000911
village,10009110005,湳仔村,1000911
village,10009110006,田尾村,1000911
village,10009110007,定安村,1000911
village,10009110008,大華村,1000911
village,10009110009,義庄村,1000911
village,10009110010,楊賢村,1000911
village,10009110011,港後村,1000911
village,10009110012,大義村,1000911
village,10009110013,油車村,1000911
village,10009110014,大庄村,1000911
village,10009110015,庄西村,1000911
village,10009110016,大同村,1000911
village,10009110017,復興村,1000911
village,10009110018,永定村,1000911
village,10009120001,東明村,1000912
village,10009120002,西榮村,1000912
village,10009120003,南陽村,1000912
village,10009120004,崙前村,1000912
village,10009120005,羅厝村,1000912
village,10009120006,港尾村,1000912
village,10009120007,阿勸村,1000912
village,10009120008,五魁村,1000912
village,10009120009,大有村,1000912
village,10009120010,豐榮村,1000912
village,10009120011,草湖村,1000912
village,10009120012,舊庄村,1000912
village,10009120013,水尾村,1000912
village,10009120014,枋南村,1000912
village,10009130001,麥津村,1000913
village,10009130002,麥豐村,1000913
village,10009130003,瓦[磘]村,1000913
village,10009130004,興華村,1000913
village,10009130005,崙後村,1000913
village,10009130006,後安村,1000913
village,10009130007,海豐村,1000913
village,10009130008,三盛村,1000913
village,10009130009,橋頭村,1000913
village,10009130010,新吉村,1000913
village,10009130011,施厝村,1000913
village,10009130012,雷厝村,1000913
village,10009130013,中興村,1000913
village,10009130S01,,1000913
village,10009140001,東南村,1000914
village,10009140002,東北村,1000914
village,10009140003,嘉隆村,1000914
village,10009140004,復興村,1000914
village,10009140005,月眉村,1000914
village,10009140006,程海村,1000914
village,10009140007,龍潭村,1000914
village,10009140008,安南村,1000914
village,10009140009,昌南村,1000914
village,10009140010,同安村,1000914
village,10009140011,新坤村,1000914
village,10009140012,四美村,1000914
village,10009150001,中民村,1000915
village,10009150002,埔姜村,1000915
village,10009150003,中勝村,1000915
village,10009150004,新湖村,1000915
village,10009150005,馬鳴村,1000915
village,10009150006,有才村,1000915
village,10009150007,田洋村,1000915
village,10009150008,龍岩村,1000915
village,10009150009,潮厝村,1000915
village,10009160001,台西村,1000916
village,10009160002,海北村,1000916
village,10009160003,海南村,1000916
village,10009160004,海口村,1000916
village,10009160005,溪頂村,1000916
village,10009160006,牛厝村,1000916
village,10009160007,泉州村,1000916
village,10009160008,光華村,1000916
village,10009160009,五榔村,1000916
village,10009160010,山寮村,1000916
village,10009160011,富琦村,1000916
village,10009160012,永豐村,1000916
village,10009160013,和豐村,1000916
village,10009160014,蚊港村,1000916
village,10009160015,五港村,1000916
village,10009160S01,,1000916
village,10009170001,長南村,1000917
village,10009170002,長北村,1000917
village,10009170003,子茂村,1000917
village,10009170004,後湖村,1000917
village,10009170005,山內村,1000917
village,10009170006,合和村,1000917
village,10009170007,五塊村,1000917
village,10009170008,潭西村,1000917
village,10009170009,潭東村,1000917
village,10009170010,客厝村,1000917
village,10009170011,卓運村,1000917
village,10009170012,頂寮村,1000917
village,10009170013,下寮村,1000917
village,10009170014,龍岩村,1000917
village,10009170015,西莊村,1000917
village,10009170016,鹿北村,1000917
village,10009170017,鹿南村,1000917
village,10009170018,瓦[磘]村,1000917
village,10009170019,內寮村,1000917
village,10009170020,崙仔村,1000917
village,10009170021,新吉村,1000917
village,10009180001,四湖村,1000918
village,10009180002,新庄村,1000918
village,10009180003,溪底村,1000918
village,10009180004,鹿場村,1000918
village,10009180005,湖西村,1000918
village,10009180006,施湖村,1000918
village,10009180007,湖寮村,1000918
village,10009180008,蔡厝村,1000918
village,10009180009,飛沙村,1000918
village,10009180010,三姓村,1000918
village,10009180011,內湖村,1000918
village,10009180012,羊調村,1000918
village,10009180013,崙北村,1000918
village,10009180014,崙南村,1000918
village,10009180015,廣溝村,1000918
village,10009180016,[萡]子村,1000918
village,10009180017,林厝村,1000918
village,10009180018,林東村,1000918
village,10009180019,溪尾村,1000918
village,10009180020,飛東村,1000918
village,10009180021,[萡]東村,1000918
village,10009190001,湖東村,1000919
village,10009190002,口湖村,1000919
village,10009190003,頂湖村,1000919
village,10009190004,埔北村,1000919
village,10009190005,埔南村,1000919
village,10009190006,謝厝村,1000919
village,10009190007,蚵寮村,1000919
village,10009190008,下崙村,1000919
village,10009190009,崙中村,1000919
village,10009190010,崙東村,1000919
village,10009190011,青蚶村,1000919
village,10009190012,港東村,1000919
village,10009190013,港西村,1000919
village,10009190014,台子村,1000919
village,10009190015,成龍村,1000919
village,10009190016,湖口村,1000919
village,10009190017,水井村,1000919
village,10009190018,後厝村,1000919
village,10009190019,梧南村,1000919
village,10009190020,梧北村,1000919
village,10009190021,過港村,1000919
village,10009200001,水北村,1000920
village,10009200002,水南村,1000920
village,10009200003,海埔村,1000920
village,10009200004,土厝村,1000920
village,10009200005,春埔村,1000920
village,10009200006,西井村,1000920
village,10009200007,車港村,1000920
village,10009200008,蘇秦村,1000920
village,10009200009,灣東村,1000920
village,10009200010,灣西村,1000920
village,10009200011,萬興村,1000920
village,10009200012,尖山村,1000920
village,10009200013,大山村,1000920
village,10009200014,大溝村,1000920
village,10009200015,順興村,1000920
village,10009200016,蕃薯村,1000920
village,10009200017,山腳村,1000920
village,10009200018,松北村,1000920
village,10009200019,松中村,1000920
village,10009200020,松西村,1000920
village,10009200021,[欍]埔村,1000920
village,10009200022,塭底村,1000920
village,10009200023,後寮村,1000920
village,10009200024,溪墘村,1000920
village,10010020001,安福里,1001002
village,10010020002,平和里,1001002
village,10010020003,內厝里,1001002
village,10010020004,開元里,1001002
village,10010020005,順天里,1001002
village,10010020006,中正里,1001002
village,10010020007,博厚里,1001002
village,10010020008,文化里,1001002
village,10010020009,永和里,1001002
village,10010020010,竹圍里,1001002
village,10010020011,新寮里,1001002
village,10010020012,双溪里,1001002
village,10010020013,溪口里,1001002
village,10010020014,德興里,1001002
village,10010020015,仁和里,1001002
village,10010020016,大鄉里,1001002
village,10010020017,大葛里,1001002
village,10010020018,佳禾里,1001002
village,10010020019,竹村里,1001002
village,10010020020,崁前里,1001002
village,10010020021,順安里,1001002
village,10010020022,崁後里,1001002
village,10010020023,德家里,1001002
village,10010020024,新庄里,1001002
village,10010020025,梅華里,1001002
village,10010020026,松華里,1001002
village,10010020027,南竹里,1001002
village,10010030001,岱江里,1001003
village,10010030002,九龍里,1001003
village,10010030003,岑海里,1001003
village,10010030004,興中里,1001003
village,10010030005,光復里,1001003
village,10010030006,見龍里,1001003
village,10010030007,新厝里,1001003
village,10010030008,龍江里,1001003
village,10010030009,新岑里,1001003
village,10010030010,新民里,1001003
village,10010030011,復興里,1001003
village,10010030012,好美里,1001003
village,10010030013,永安里,1001003
village,10010030014,東港里,1001003
village,10010030015,江山里,1001003
village,10010030016,菜舖里,1001003
village,10010030017,考試里,1001003
village,10010030018,振寮里,1001003
village,10010030019,西安里,1001003
village,10010030020,東安里,1001003
village,10010030021,中安里,1001003
village,10010030022,樹林里,1001003
village,10010030023,貴舍里,1001003
village,10010030S01,,1001003
village,10010040001,東林里,1001004
village,10010040002,西林里,1001004
village,10010040003,吉林里,1001004
village,10010040004,平林里,1001004
village,10010040005,明華里,1001004
village,10010040006,明和里,1001004
village,10010040007,排路里,1001004
village,10010040008,西結里,1001004
village,10010040009,湖北里,1001004
village,10010040010,大糖里,1001004
village,10010040011,大美里,1001004
village,10010040012,過溪里,1001004
village,10010040013,中坑里,1001004
village,10010040014,上林里,1001004
village,10010040015,中林里,1001004
village,10010040016,三和里,1001004
village,10010040017,溝背里,1001004
village,10010040018,義和里,1001004
village,10010040019,內林里,1001004
village,10010040020,三角里,1001004
village,10010040021,三村里,1001004
village,10010050001,東榮村,1001005
village,10010050002,中樂村,1001005
village,10010050003,西安村,1001005
village,10010050004,寮頂村,1001005
village,10010050005,福權村,1001005
village,10010050006,東湖村,1001005
village,10010050007,頂崙村,1001005
village,10010050008,菁埔村,1001005
village,10010050009,中和村,1001005
village,10010050010,平和村,1001005
village,10010050011,西昌村,1001005
village,10010050012,豊收村,1001005
village,10010050013,三興村,1001005
village,10010050014,東興村,1001005
village,10010050015,鎮北村,1001005
village,10010050016,興中村,1001005
village,10010050017,興南村,1001005
village,10010050018,福興村,1001005
village,10010050019,文隆村,1001005
village,10010050020,山中村,1001005
village,10010050021,中央村,1001005
village,10010050022,北斗村,1001005
village,10010050023,双福村,1001005
village,10010050024,大崎村,1001005
village,10010050025,秀林村,1001005
village,10010050026,松山村,1001005
village,10010050027,金興村,1001005
village,10010050028,福樂村,1001005
village,10010050029,新山村,1001005
village,10010060001,溪東村,1001006
village,10010060002,溪西村,1001006
village,10010060003,溪北村,1001006
village,10010060004,游東村,1001006
village,10010060005,游西村,1001006
village,10010060006,柴林村,1001006
village,10010060007,林腳村,1001006
village,10010060008,美南村,1001006
village,10010060009,美北村,1001006
village,10010060010,本厝村,1001006
village,10010060011,柳溝村,1001006
village,10010060012,疊溪村,1001006
village,10010060013,妙崙村,1001006
village,10010060014,坪頂村,1001006
village,10010070001,宮前村,1001007
village,10010070002,宮後村,1001007
village,10010070003,大興村,1001007
village,10010070004,福德村,1001007
village,10010070005,古民村,1001007
village,10010070006,中庄村,1001007
village,10010070007,大潭村,1001007
village,10010070008,西庄村,1001007
village,10010070009,埤子村,1001007
village,10010070010,南崙村,1001007
village,10010070011,北崙村,1001007
village,10010070012,海瀛村,1001007
village,10010070013,月眉村,1001007
village,10010070014,月潭村,1001007
village,10010070015,溪北村,1001007
village,10010070016,三間村,1001007
village,10010070017,中洋村,1001007
village,10010070018,菜公村,1001007
village,10010070019,安和村,1001007
village,10010070020,潭大村,1001007
village,10010070021,南港村,1001007
village,10010070022,板頭村,1001007
village,10010070023,共和村,1001007
village,10010080001,蒜頭村,1001008
village,10010080002,蒜東村,1001008
village,10010080003,蒜南村,1001008
village,10010080004,工廠村,1001008
village,10010080005,灣南村,1001008
village,10010080006,灣北村,1001008
village,10010080007,雙涵村,1001008
village,10010080008,塗師村,1001008
village,10010080009,三義村,1001008
village,10010080010,港美村,1001008
village,10010080011,豐美村,1001008
village,10010080012,六斗村,1001008
village,10010080013,崙陽村,1001008
village,10010080014,蘇厝村,1001008
village,10010080015,竹本村,1001008
village,10010080016,永賢村,1001008
village,10010080017,魚寮村,1001008
village,10010080018,潭墘村,1001008
village,10010080019,正義村,1001008
village,10010080020,溪厝村,1001008
village,10010080021,六腳村,1001008
village,10010080022,六南村,1001008
village,10010080023,崩山村,1001008
village,10010080024,古林村,1001008
village,10010080025,更寮村,1001008
village,10010090001,東石村,1001009
village,10010090002,猿樹村,1001009
village,10010090003,型厝村,1001009
village,10010090004,塭港村,1001009
village,10010090005,三家村,1001009
village,10010090006,永屯村,1001009
village,10010090007,海埔村,1001009
village,10010090008,龍港村,1001009
village,10010090009,副瀨村,1001009
village,10010090010,下揖村,1001009
village,10010090011,頂揖村,1001009
village,10010090012,溪下村,1001009
village,10010090013,港墘村,1001009
village,10010090014,蔦松村,1001009
village,10010090015,圍潭村,1001009
village,10010090016,洲仔村,1001009
village,10010090017,東崙村,1001009
village,10010090018,西崙村,1001009
village,10010090019,塭仔村,1001009
village,10010090020,網寮村,1001009
village,10010090021,掌潭村,1001009
village,10010090022,港口村,1001009
village,10010090023,鰲鼓村,1001009
village,10010100001,岸腳村,1001010
village,10010100002,義竹村,1001010
village,10010100003,六桂村,1001010
village,10010100004,仁里村,1001010
village,10010100005,傳芳村,1001010
village,10010100006,頭竹村,1001010
village,10010100007,五厝村,1001010
village,10010100008,中平村,1001010
village,10010100009,埤前村,1001010
village,10010100010,平溪村,1001010
village,10010100011,後鎮村,1001010
village,10010100012,北華村,1001010
village,10010100013,新店村,1001010
village,10010100014,東過村,1001010
village,10010100015,西過村,1001010
village,10010100016,官和村,1001010
village,10010100017,官順村,1001010
village,10010100018,新富村,1001010
village,10010100019,東光村,1001010
village,10010100020,東榮村,1001010
village,10010100021,龍蛟村,1001010
village,10010100022,溪洲村,1001010
village,10010110001,後寮村,1001011
village,10010110002,鹿東村,1001011
village,10010110003,鹿草村,1001011
village,10010110004,西井村,1001011
village,10010110005,豊稠村,1001011
village,10010110006,重寮村,1001011
village,10010110007,施家村,1001011
village,10010110008,下潭村,1001011
village,10010110009,光潭村,1001011
village,10010110010,碧潭村,1001011
village,10010110011,松竹村,1001011
village,10010110012,竹山村,1001011
village,10010110013,後堀村,1001011
village,10010110014,三角村,1001011
village,10010110015,下麻村,1001011
village,10010010001,太保里,1001001
village,10010010002,後庄里,1001001
village,10010010003,前潭里,1001001
village,10010010004,後潭里,1001001
village,10010010005,梅埔里,1001001
village,10010010006,春珠里,1001001
village,10010010007,崙頂里,1001001
village,10010010008,東勢里,1001001
village,10010010009,新埤里,1001001
village,10010010010,舊埤里,1001001
village,10010010011,田尾里,1001001
village,10010010012,港尾里,1001001
village,10010010013,過溝里,1001001
village,10010010014,麻寮里,1001001
village,10010010015,南新里,1001001
village,10010010016,北新里,1001001
village,10010010017,埤鄉里,1001001
village,10010010018,安仁里,1001001
village,10010120001,水上村,1001012
village,10010120002,水頭村,1001012
village,10010120003,大堀村,1001012
village,10010120004,大崙村,1001012
village,10010120005,塗溝村,1001012
village,10010120006,粗溪村,1001012
village,10010120007,下寮村,1001012
village,10010120008,三和村,1001012
village,10010120009,回歸村,1001012
village,10010120010,三鎮村,1001012
village,10010120011,靖和村,1001012
village,10010120012,南和村,1001012
village,10010120013,龍德村,1001012
village,10010120014,溪洲村,1001012
village,10010120015,柳林村,1001012
village,10010120016,柳鄉村,1001012
village,10010120017,柳新村,1001012
village,10010120018,寬士村,1001012
village,10010120019,民生村,1001012
village,10010120020,忠和村,1001012
village,10010120021,中庄村,1001012
village,10010120022,南鄉村,1001012
village,10010120023,三界村,1001012
village,10010120024,國姓村,1001012
village,10010120025,內溪村,1001012
village,10010120026,義興村,1001012
village,10010130001,中埔村,1001013
village,10010130002,塩舘村,1001013
village,10010130003,龍門村,1001013
village,10010130004,裕民村,1001013
village,10010130005,金蘭村,1001013
village,10010130006,富收村,1001013
village,10010130007,和睦村,1001013
village,10010130008,和美村,1001013
village,10010130009,和興村,1001013
village,10010130010,隆興村,1001013
village,10010130011,義仁村,1001013
village,10010130012,社口村,1001013
village,10010130013,灣潭村,1001013
village,10010130014,石硦村,1001013
village,10010130015,頂埔村,1001013
village,10010130016,同仁村,1001013
village,10010130017,瑞豐村,1001013
village,10010130018,沄水村,1001013
village,10010130019,三層村,1001013
village,10010130020,深坑村,1001013
village,10010130021,東興村,1001013
village,10010130022,中崙村,1001013
village,10010140001,竹崎村,1001014
village,10010140002,和平村,1001014
village,10010140003,坑頭村,1001014
village,10010140004,沙坑村,1001014
village,10010140005,獅埜村,1001014
village,10010140006,義和村,1001014
village,10010140007,義仁村,1001014
village,10010140008,灣橋村,1001014
village,10010140009,鹿滿村,1001014
village,10010140010,紫雲村,1001014
village,10010140011,內埔村,1001014
village,10010140012,昇平村,1001014
village,10010140013,白杞村,1001014
village,10010140014,桃源村,1001014
village,10010140015,塘興村,1001014
village,10010140016,義隆村,1001014
village,10010140017,龍山村,1001014
village,10010140018,文峯村,1001014
village,10010140019,金獅村,1001014
village,10010140020,復金村,1001014
village,10010140021,緞繻村,1001014
village,10010140022,仁壽村,1001014
village,10010140023,中和村,1001014
village,10010140024,光華村,1001014
village,10010150001,梅東村,1001015
village,10010150002,梅南村,1001015
village,10010150003,過山村,1001015
village,10010150004,梅北村,1001015
village,10010150005,圳南村,1001015
village,10010150006,永興村,1001015
village,10010150007,半天村,1001015
village,10010150008,圳北村,1001015
village,10010150009,大南村,1001015
village,10010150010,双溪村,1001015
village,10010150011,安靖村,1001015
village,10010150012,太平村,1001015
village,10010150013,碧湖村,1001015
village,10010150014,太興村,1001015
village,10010150015,瑞峯村,1001015
village,10010150016,瑞里村,1001015
village,10010150017,太和村,1001015
village,10010150018,龍眼村,1001015
village,10010160001,江西村,1001016
village,10010160002,內甕村,1001016
village,10010160003,新福村,1001016
village,10010160004,下坑村,1001016
village,10010160005,番路村,1001016
village,10010160006,民和村,1001016
village,10010160007,觸口村,1001016
village,10010160008,大湖村,1001016
village,10010160009,公田村,1001016
village,10010160010,公興村,1001016
village,10010160011,草山村,1001016
village,10010170001,大埔村,1001017
village,10010170002,和平村,1001017
village,10010170003,永樂村,1001017
village,10010170004,茄苳村,1001017
village,10010170005,西興村,1001017
village,10010180001,中山村,1001018
village,10010180002,中正村,1001018
village,10010180003,香林村,1001018
village,10010180004,十字村,1001018
village,10010180005,來吉村,1001018
village,10010180006,豐山村,1001018
village,10010180007,達邦村,1001018
village,10010180008,樂野村,1001018
village,10010180009,里佳村,1001018
village,10010180010,山美村,1001018
village,10010180011,新美村,1001018
village,10010180012,茶山村,1001018
village,10013010001,光榮里,1001301
village,10013010004,大同里,1001301
village,10013010008,大埔里,1001301
village,10013010012,維新里,1001301
village,10013010015,楠樹里,1001301
village,10013010018,金泉里,1001301
village,10013010020,橋南里,1001301
village,10013010021,橋北里,1001301
village,10013010022,長春里,1001301
village,10013010023,豐榮里,1001301
village,10013010024,豐源里,1001301
village,10013010025,豐田里,1001301
village,10013010026,大連里,1001301
village,10013010027,湖西里,1001301
village,10013010028,湖南里,1001301
village,10013010029,歸心里,1001301
village,10013010030,瑞光里,1001301
village,10013010031,新生里,1001301
village,10013010032,頂宅里,1001301
village,10013010033,厚生里,1001301
village,10013010035,建國里,1001301
village,10013010036,一心里,1001301
village,10013010038,義勇里,1001301
village,10013010040,永安里,1001301
village,10013010041,新興里,1001301
village,10013010042,公館里,1001301
village,10013010043,龍華里,1001301
village,10013010044,玉成里,1001301
village,10013010045,頂柳里,1001301
village,10013010046,大湖里,1001301
village,10013010049,安鎮里,1001301
village,10013010050,永光里,1001301
village,10013010051,大洲里,1001301
village,10013010053,大武里,1001301
village,10013010054,前進里,1001301
village,10013010055,清溪里,1001301
village,10013010056,長安里,1001301
village,10013010059,斯文里,1001301
village,10013010060,華山里,1001301
village,10013010064,中正里,1001301
village,10013010065,勝利里,1001301
village,10013010066,永城里,1001301
village,10013010067,溝美里,1001301
village,10013010068,北勢里,1001301
village,10013010069,北興里,1001301
village,10013010070,仁愛里,1001301
village,10013010071,廣興里,1001301
village,10013010073,崇蘭里,1001301
village,10013010074,空翔里,1001301
village,10013010075,潭墘里,1001301
village,10013010076,三山里,1001301
village,10013010077,海豐里,1001301
village,10013010078,仁義里,1001301
village,10013010079,和興里,1001301
village,10013010080,信和里,1001301
village,10013010081,崇武里,1001301
village,10013010082,豐年里,1001301
village,10013010083,崇陽里,1001301
village,10013010084,公園里,1001301
village,10013020001,潮州里,1001302
village,10013020002,同榮里,1001302
village,10013020003,新榮里,1001302
village,10013020004,新生里,1001302
village,10013020005,光華里,1001302
village,10013020006,彭城里,1001302
village,10013020007,三星里,1001302
village,10013020008,三共里,1001302
village,10013020009,三和里,1001302
village,10013020010,五魁里,1001302
village,10013020011,蓬萊里,1001302
village,10013020012,八爺里,1001302
village,10013020013,永春里,1001302
village,10013020014,富春里,1001302
village,10013020015,光春里,1001302
village,10013020016,興美里,1001302
village,10013020017,檨子里,1001302
village,10013020018,九塊里,1001302
village,10013020019,泗林里,1001302
village,10013020020,四春里,1001302
village,10013020021,崙東里,1001302
village,10013030001,新勝里,1001303
village,10013030003,頂中里,1001303
village,10013030007,朝安里,1001303
village,10013030009,東隆里,1001303
village,10013030010,豐漁里,1001303
village,10013030011,盛漁里,1001303
village,10013030012,興漁里,1001303
village,10013030013,鎮海里,1001303
village,10013030014,嘉蓮里,1001303
village,10013030015,南平里,1001303
village,10013030016,船頭里,1001303
village,10013030017,下廍里,1001303
village,10013030018,大潭里,1001303
village,10013030020,興農里,1001303
village,10013030021,興和里,1001303
village,10013030022,共和里,1001303
village,10013030023,福德里,1001303
village,10013030024,東津里,1001303
village,10013030025,內關帝里,1001303
village,10013030026,東新里,1001303
village,10013030027,新街里,1001303
village,10013030028,東光里,1001303
village,10013030S01,,1001303
village,10013040001,城南里,1001304
village,10013040002,城北里,1001304
village,10013040003,城西里,1001304
village,10013040004,山腳里,1001304
village,10013040005,網紗里,1001304
village,10013040006,仁壽里,1001304
village,10013040007,茄湖里,1001304
village,10013040008,頭溝里,1001304
village,10013040009,四溝里,1001304
village,10013040010,德和里,1001304
village,10013040011,龍水里,1001304
village,10013040012,山海里,1001304
village,10013040013,大光里,1001304
village,10013040014,水泉里,1001304
village,10013040015,南灣里,1001304
village,10013040016,墾丁里,1001304
village,10013040017,鵝鑾里,1001304
village,10013040I01,,1001304
village,10013050001,萬安村,1001305
village,10013050002,萬惠村,1001305
village,10013050003,萬全村,1001305
village,10013050004,萬後村,1001305
village,10013050005,萬生村,1001305
village,10013050006,寶厝村,1001305
village,10013050007,四維村,1001305
village,10013050008,竹林村,1001305
village,10013050009,廣安村,1001305
village,10013050010,田厝村,1001305
village,10013050011,崙頂村,1001305
village,10013050012,厦北村,1001305
village,10013050013,厦南村,1001305
village,10013050014,上村村,1001305
village,10013050015,加興村,1001305
village,10013050016,社口村,1001305
village,10013050017,磚寮村,1001305
village,10013050018,社皮村,1001305
village,10013050019,社上村,1001305
village,10013050020,社中村,1001305
village,10013050021,水泉村,1001305
village,10013050022,新庄村,1001305
village,10013050023,香社村,1001305
village,10013050024,後村村,1001305
village,10013050025,新鐘村,1001305
village,10013050026,灣內村,1001305
village,10013050027,興全村,1001305
village,10013050028,興安村,1001305
village,10013050029,水仙村,1001305
village,10013050030,甘棠村,1001305
village,10013060001,進興村,1001306
village,10013060002,新潭村,1001306
village,10013060003,潭頭村,1001306
village,10013060004,香楊村,1001306
village,10013060005,長興村,1001306
village,10013060006,德成村,1001306
village,10013060007,德協村,1001306
village,10013060008,復興村,1001306
village,10013060009,崙上村,1001306
village,10013060010,德榮村,1001306
village,10013060011,德和村,1001306
village,10013060012,繁華村,1001306
village,10013060013,繁昌村,1001306
village,10013060014,繁榮村,1001306
village,10013060015,繁隆村,1001306
village,10013060016,榮華村,1001306
village,10013070001,新田村,1001307
village,10013070002,麟頂村,1001307
village,10013070003,麟蹄村,1001307
village,10013070004,麟趾村,1001307
village,10013070005,田中村,1001307
village,10013070006,田心村,1001307
village,10013070007,田道村,1001307
village,10013080001,九清村,1001308
village,10013080002,九塊村,1001308
village,10013080003,九明村,1001308
village,10013080004,玉水村,1001308
village,10013080005,大坵村,1001308
village,10013080006,三塊村,1001308
village,10013080007,後庄村,1001308
village,10013080008,耆老村,1001308
village,10013080009,洽興村,1001308
village,10013080010,東寧村,1001308
village,10013080011,玉泉村,1001308
village,10013090001,玉田村,1001309
village,10013090002,大平村,1001309
village,10013090003,永春村,1001309
village,10013090004,春林村,1001309
village,10013090005,過江村,1001309
village,10013090006,鐵店村,1001309
village,10013090007,塔樓村,1001309
village,10013090008,潮厝村,1001309
village,10013090009,茄苳村,1001309
village,10013090010,載興村,1001309
village,10013090011,土庫村,1001309
village,10013090012,三廍村,1001309
village,10013090013,中和村,1001309
village,10013090014,瀰力村,1001309
village,10013100001,新圍村,1001310
village,10013100002,高朗村,1001310
village,10013100003,鹽北村,1001310
village,10013100004,鹽中村,1001310
village,10013100005,鹽南村,1001310
village,10013100006,仕絨村,1001310
village,10013100007,振興村,1001310
village,10013100008,永隆村,1001310
village,10013100009,久愛村,1001310
village,10013100010,洛陽村,1001310
village,10013100011,新二村,1001310
village,10013100012,彭厝村,1001310
village,10013110001,高樹村,1001311
village,10013110002,長榮村,1001311
village,10013110003,東興村,1001311
village,10013110004,東振村,1001311
village,10013110005,源泉村,1001311
village,10013110006,建興村,1001311
village,10013110007,大埔村,1001311
village,10013110008,菜寮村,1001311
village,10013110009,司馬村,1001311
village,10013110010,舊寮村,1001311
village,10013110011,新豐村,1001311
village,10013110012,泰山村,1001311
village,10013110013,南華村,1001311
village,10013110014,廣福村,1001311
village,10013110015,廣興村,1001311
village,10013110016,舊庄村,1001311
village,10013110017,田子村,1001311
village,10013110018,鹽樹村,1001311
village,10013110019,新南村,1001311
village,10013120001,萬巒村,1001312
village,10013120002,萬全村,1001312
village,10013120003,萬和村,1001312
village,10013120004,鹿寮村,1001312
village,10013120005,硫黃村,1001312
village,10013120006,泗溝村,1001312
village,10013120007,五溝村,1001312
village,10013120008,成德村,1001312
village,10013120009,萬金村,1001312
village,10013120010,赤山村,1001312
village,10013120011,佳佐村,1001312
village,10013120012,佳和村,1001312
village,10013120013,新厝村,1001312
village,10013120014,新置村,1001312
village,10013130001,內埔村,1001313
village,10013130002,內田村,1001313
village,10013130003,興南村,1001313
village,10013130004,義亭村,1001313
village,10013130005,美和村,1001313
village,10013130006,和興村,1001313
village,10013130007,東寧村,1001313
village,10013130008,豐田村,1001313
village,10013130009,振豐村,1001313
village,10013130010,富田村,1001313
village,10013130011,竹圍村,1001313
village,10013130012,東勢村,1001313
village,10013130013,東片村,1001313
village,10013130014,上樹村,1001313
village,10013130015,老埤村,1001313
village,10013130016,中林村,1001313
village,10013130017,龍泉村,1001313
village,10013130018,龍潭村,1001313
village,10013130019,建興村,1001313
village,10013130020,大新村,1001313
village,10013130021,黎明村,1001313
village,10013130022,隘寮村,1001313
village,10013130023,水門村,1001313
village,10013140001,竹田村,1001314
village,10013140002,竹南村,1001314
village,10013140003,糶糴村,1001314
village,10013140004,履豐村,1001314
village,10013140005,頭崙村,1001314
village,10013140006,二崙村,1001314
village,10013140007,美崙村,1001314
village,10013140008,南勢村,1001314
village,10013140009,西勢村,1001314
village,10013140010,福田村,1001314
village,10013140011,永豐村,1001314
village,10013140012,六巷村,1001314
village,10013140013,泗洲村,1001314
village,10013140014,大湖村,1001314
village,10013140015,鳳明村,1001314
village,10013150001,新埤村,1001315
village,10013150002,建功村,1001315
village,10013150003,打鐵村,1001315
village,10013150004,南豐村,1001315
village,10013150005,萬隆村,1001315
village,10013150006,箕湖村,1001315
village,10013150007,餉潭村,1001315
village,10013160001,枋寮村,1001316
village,10013160002,新龍村,1001316
village,10013160003,保生村,1001316
village,10013160004,中寮村,1001316
village,10013160005,安樂村,1001316
village,10013160006,隆山村,1001316
village,10013160007,天時村,1001316
village,10013160008,地利村,1001316
village,10013160009,人和村,1001316
village,10013160010,內寮村,1001316
village,10013160011,新開村,1001316
village,10013160012,太源村,1001316
village,10013160013,玉泉村,1001316
village,10013160014,東海村,1001316
village,10013160015,大庄村,1001316
village,10013160S01,,1001316
village,10013170001,瓦[磘]村,1001317
village,10013170002,仙吉村,1001317
village,10013170003,田洋村,1001317
village,10013170004,港墘村,1001317
village,10013170005,內庄村,1001317
village,10013170006,新東村,1001317
village,10013170007,新園村,1001317
village,10013170008,烏龍村,1001317
village,10013170009,興龍村,1001317
village,10013170010,中洲村,1001317
village,10013170011,南龍村,1001317
village,10013170012,港西村,1001317
village,10013170013,五房村,1001317
village,10013170014,鹽埔村,1001317
village,10013170015,共和村,1001317
village,10013180001,崁頂村,1001318
village,10013180002,園寮村,1001318
village,10013180003,圍內村,1001318
village,10013180004,力社村,1001318
village,10013180005,洲子村,1001318
village,10013180006,北勢村,1001318
village,10013180007,越溪村,1001318
village,10013180008,港東村,1001318
village,10013190001,林邊村,1001319
village,10013190002,光林村,1001319
village,10013190003,仁和村,1001319
village,10013190004,中林村,1001319
village,10013190005,永樂村,1001319
village,10013190006,水利村,1001319
village,10013190007,崎峯村,1001319
village,10013190008,田厝村,1001319
village,10013190009,竹林村,1001319
village,10013190010,鎮安村,1001319
village,10013200001,溪洲村,1001320
village,10013200002,溪南村,1001320
village,10013200003,仁里村,1001320
village,10013200004,溪北村,1001320
village,10013200005,七塊村,1001320
village,10013200006,萬華村,1001320
village,10013200007,米崙村,1001320
village,10013200008,壽元村,1001320
village,10013200009,同安村,1001320
village,10013200010,南安村,1001320
village,10013210001,佳冬村,1001321
village,10013210002,六根村,1001321
village,10013210003,賴家村,1001321
village,10013210004,萬建村,1001321
village,10013210005,石光村,1001321
village,10013210006,玉光村,1001321
village,10013210007,昌隆村,1001321
village,10013210008,豐隆村,1001321
village,10013210009,大同村,1001321
village,10013210010,羌園村,1001321
village,10013210011,燄溫村,1001321
village,10013210012,塭豐村,1001321
village,10013220001,本福村,1001322
village,10013220002,中福村,1001322
village,10013220003,漁福村,1001322
village,10013220004,大福村,1001322
village,10013220005,南福村,1001322
village,10013220006,天福村,1001322
village,10013220007,上福村,1001322
village,10013220008,杉福村,1001322
village,10013230001,福興村,1001323
village,10013230002,福安村,1001323
village,10013230003,田中村,1001323
village,10013230004,海口村,1001323
village,10013230005,統埔村,1001323
village,10013230006,溫泉村,1001323
village,10013230007,保力村,1001323
village,10013230008,新街村,1001323
village,10013230009,埔墘村,1001323
village,10013230010,射寮村,1001323
village,10013230011,後灣村,1001323
village,10013230S01,,1001323
village,10013240001,滿州村,1001324
village,10013240002,里德村,1001324
village,10013240003,永靖村,1001324
village,10013240004,港口村,1001324
village,10013240005,响林村,1001324
village,10013240006,長樂村,1001324
village,10013240007,九棚村,1001324
village,10013240008,港仔村,1001324
village,10013240S01,,1001324
village,10013250001,枋山村,1001325
village,10013250002,加祿村,1001325
village,10013250003,楓港村,1001325
village,10013250004,善餘村,1001325
village,10013260001,三地村,1001326
village,10013260002,達來村,1001326
village,10013260003,德文村,1001326
village,10013260004,大社村,1001326
village,10013260005,賽嘉村,1001326
village,10013260006,口社村,1001326
village,10013260007,馬兒村,1001326
village,10013260008,安坡村,1001326
village,10013260009,青山村,1001326
village,10013260010,青葉村,1001326
village,10013270001,霧台村,1001327
village,10013270002,阿禮村,1001327
village,10013270003,吉露村,1001327
village,10013270004,大武村,1001327
village,10013270005,佳暮村,1001327
village,10013270006,好茶村,1001327
village,10013280001,瑪家村,1001328
village,10013280002,北葉村,1001328
village,10013280003,凉山村,1001328
village,10013280004,佳義村,1001328
village,10013280005,排灣村,1001328
village,10013280006,三和村,1001328
village,10013290001,佳平村,1001329
village,10013290002,武潭村,1001329
village,10013290003,平和村,1001329
village,10013290004,佳興村,1001329
village,10013290005,泰武村,1001329
village,10013290006,萬安村,1001329
village,10013300001,來義村,1001330
village,10013300002,義林村,1001330
village,10013300003,丹林村,1001330
village,10013300004,古樓村,1001330
village,10013300005,文樂村,1001330
village,10013300006,望嘉村,1001330
village,10013300007,南和村,1001330
village,10013310001,春日村,1001331
village,10013310002,古華村,1001331
village,10013310003,士文村,1001331
village,10013310004,七佳村,1001331
village,10013310005,歸崇村,1001331
village,10013310006,力里村,1001331
village,10013320001,楓林村,1001332
village,10013320002,丹路村,1001332
village,10013320003,草埔村,1001332
village,10013320004,內文村,1001332
village,10013320005,竹坑村,1001332
village,10013320006,獅子村,1001332
village,10013320007,內獅村,1001332
village,10013320008,南世村,1001332
village,10013330001,石門村,1001333
village,10013330002,牡丹村,1001333
village,10013330003,東源村,1001333
village,10013330004,旭海村,1001333
village,10013330005,高士村,1001333
village,10013330006,四林村,1001333
village,10015010001,民立里,1001501
village,10015010002,民運里,1001501
village,10015010003,民族里,1001501
village,10015010004,主信里,1001501
village,10015010005,主睦里,1001501
village,10015010006,主和里,1001501
village,10015010007,國威里,1001501
village,10015010008,國風里,1001501
village,10015010009,民德里,1001501
village,10015010010,民意里,1001501
village,10015010012,主義里,1001501
village,10015010013,主工里,1001501
village,10015010014,主農里,1001501
village,10015010015,國治里,1001501
village,10015010016,國富里,1001501
village,10015010017,民政里,1001501
village,10015010018,民勤里,1001501
village,10015010019,民生里,1001501
village,10015010020,主商里,1001501
village,10015010021,主學里,1001501
village,10015010022,國光里,1001501
village,10015010023,國聯里,1001501
village,10015010024,國強里,1001501
village,10015010025,民心里,1001501
village,10015010026,民樂里,1001501
village,10015010027,民主里,1001501
village,10015010028,主勤里,1001501
village,10015010029,主力里,1001501
village,10015010030,國安里,1001501
village,10015010031,國魂里,1001501
village,10015010032,國慶里,1001501
village,10015010033,民享里,1001501
village,10015010034,民有里,1001501
village,10015010035,民權里,1001501
village,10015010036,主計里,1001501
village,10015010037,主權里,1001501
village,10015010038,國華里,1001501
village,10015010039,國防里,1001501
village,10015010040,國福里,1001501
village,10015010041,國裕里,1001501
village,10015010042,主安里,1001501
village,10015010043,國盛里,1001501
village,10015010044,國興里,1001501
village,10015010045,民孝里,1001501
village,10015010P01,,1001501
village,10015070001,大安村,1001507
village,10015070002,大華村,1001507
village,10015070003,大平村,1001507
village,10015070004,大馬村,1001507
village,10015070005,大同村,1001507
village,10015070006,大進村,1001507
village,10015070007,大全村,1001507
village,10015070008,大興村,1001507
village,10015070009,大富村,1001507
village,10015070010,大豐村,1001507
village,10015070011,東富村,1001507
village,10015070012,西富村,1001507
village,10015070013,南富村,1001507
village,10015070014,北富村,1001507
village,10015030001,中城里,1001503
village,10015030002,啟模里,1001503
village,10015030003,永昌里,1001503
village,10015030004,泰昌里,1001503
village,10015030005,國武里,1001503
village,10015030006,源城里,1001503
village,10015030007,長良里,1001503
village,10015030008,樂合里,1001503
village,10015030009,東豐里,1001503
village,10015030010,觀音里,1001503
village,10015030011,松浦里,1001503
village,10015030012,春日里,1001503
village,10015030013,德武里,1001503
village,10015030014,三民里,1001503
village,10015030015,大禹里,1001503
village,10015040001,新城村,1001504
village,10015040002,順安村,1001504
village,10015040003,康樂村,1001504
village,10015040004,北埔村,1001504
village,10015040005,佳林村,1001504
village,10015040006,嘉里村,1001504
village,10015040007,嘉新村,1001504
village,10015040008,大漢村,1001504
village,10015040009,新秀村,1001504
village,10015050001,北昌村,1001505
village,10015050002,勝安村,1001505
village,10015050003,太昌村,1001505
village,10015050004,永安村,1001505
village,10015050005,慶豐村,1001505
village,10015050006,吉安村,1001505
village,10015050007,福興村,1001505
village,10015050008,南華村,1001505
village,10015050009,干城村,1001505
village,10015050010,永興村,1001505
village,10015050011,稻香村,1001505
village,10015050012,南昌村,1001505
village,10015050013,宜昌村,1001505
village,10015050014,仁里村,1001505
village,10015050015,東昌村,1001505
village,10015050016,仁安村,1001505
village,10015050017,仁和村,1001505
village,10015050018,光華村,1001505
village,10015050019,吉昌村,1001505
village,10015060001,樹湖村,1001506
village,10015060002,溪口村,1001506
village,10015060003,豐山村,1001506
village,10015060004,豐裡村,1001506
village,10015060005,豐坪村,1001506
village,10015060006,共和村,1001506
village,10015060007,壽豐村,1001506
village,10015060008,光榮村,1001506
village,10015060009,池南村,1001506
village,10015060010,平和村,1001506
village,10015060011,志學村,1001506
village,10015060012,米棧村,1001506
village,10015060013,月眉村,1001506
village,10015060014,水璉村,1001506
village,10015060015,鹽寮村,1001506
village,10015020001,鳳仁里,1001502
village,10015020002,鳳義里,1001502
village,10015020003,鳳禮里,1001502
village,10015020004,鳳智里,1001502
village,10015020005,鳳信里,1001502
village,10015020006,山興里,1001502
village,10015020007,大榮里,1001502
village,10015020008,北林里,1001502
village,10015020009,南平里,1001502
village,10015020010,林榮里,1001502
village,10015020011,長橋里,1001502
village,10015020012,森榮里,1001502
village,10015080001,豐濱村,1001508
village,10015080002,新社村,1001508
village,10015080003,磯崎村,1001508
village,10015080004,港口村,1001508
village,10015080005,靜浦村,1001508
village,10015080P01,,1001508
village,10015090001,瑞穗村,1001509
village,10015090002,瑞美村,1001509
village,10015090003,瑞良村,1001509
village,10015090004,瑞祥村,1001509
village,10015090005,瑞北村,1001509
village,10015090006,舞鶴村,1001509
village,10015090007,鶴岡村,1001509
village,10015090008,奇美村,1001509
village,10015090009,富源村,1001509
village,10015090010,富民村,1001509
village,10015090011,富興村,1001509
village,10015100001,吳江村,1001510
village,10015100002,東里村,1001510
village,10015100003,萬寧村,1001510
village,10015100004,新興村,1001510
village,10015100005,竹田村,1001510
village,10015100006,羅山村,1001510
village,10015100007,石牌村,1001510
village,10015100008,明里村,1001510
village,10015100009,富里村,1001510
village,10015100010,永豐村,1001510
village,10015100011,豐南村,1001510
village,10015100012,富南村,1001510
village,10015100013,學田村,1001510
village,10015110001,崇德村,1001511
village,10015110002,富世村,1001511
village,10015110003,秀林村,1001511
village,10015110004,水源村,1001511
village,10015110005,銅門村,1001511
village,10015110006,文蘭村,1001511
village,10015110007,景美村,1001511
village,10015110008,佳民村,1001511
village,10015110009,和平村,1001511
village,10015120001,西林村,1001512
village,10015120002,見晴村,1001512
village,10015120003,萬榮村,1001512
village,10015120004,明利村,1001512
village,10015120005,馬遠村,1001512
village,10015120006,紅葉村,1001512
village,10015130001,崙山村,1001513
village,10015130002,立山村,1001513
village,10015130003,太平村,1001513
village,10015130004,卓溪村,1001513
village,10015130005,卓清村,1001513
village,10015130006,古風村,1001513
village,10014010001,富岡里,1001401
village,10014010003,岩灣里,1001401
village,10014010004,南王里,1001401
village,10014010005,卑南里,1001401
village,10014010006,南榮里,1001401
village,10014010007,新生里,1001401
village,10014010008,民生里,1001401
village,10014010009,寶桑里,1001401
village,10014010010,馬蘭里,1001401
village,10014010011,中心里,1001401
village,10014010012,自強里,1001401
village,10014010013,民族里,1001401
village,10014010015,中華里,1001401
village,10014010017,建國里,1001401
village,10014010020,中正里,1001401
village,10014010022,成功里,1001401
village,10014010023,文化里,1001401
village,10014010024,中山里,1001401
village,10014010029,新園里,1001401
village,10014010030,豐田里,1001401
village,10014010031,豐年里,1001401
village,10014010032,光明里,1001401
village,10014010033,豐樂里,1001401
village,10014010034,永樂里,1001401
village,10014010035,康樂里,1001401
village,10014010036,東海里,1001401
village,10014010037,新興里,1001401
village,10014010038,豐榮里,1001401
village,10014010039,豐谷里,1001401
village,10014010040,豐里里,1001401
village,10014010041,豐原里,1001401
village,10014010042,建和里,1001401
village,10014010043,建興里,1001401
village,10014010045,知本里,1001401
village,10014010046,建農里,1001401
village,10014010047,仁和里,1001401
village,10014010048,豐安里,1001401
village,10014010049,豐盛里,1001401
village,10014020001,博愛里,1001402
village,10014020002,忠孝里,1001402
village,10014020003,三仙里,1001402
village,10014020004,三民里,1001402
village,10014020005,忠智里,1001402
village,10014020006,忠仁里,1001402
village,10014020007,和平里,1001402
village,10014020008,信義里,1001402
village,10014030001,德高里,1001403
village,10014030002,豐泉里,1001403
village,10014030003,新福里,1001403
village,10014030004,中福里,1001403
village,10014030005,里壠里,1001403
village,10014030006,電光里,1001403
village,10014030007,月眉里,1001403
village,10014040001,嘉豐村,1001404
village,10014040002,利吉村,1001404
village,10014040003,富山村,1001404
village,10014040004,富源村,1001404
village,10014040005,明峰村,1001404
village,10014040006,初鹿村,1001404
village,10014040007,美農村,1001404
village,10014040008,賓朗村,1001404
village,10014040009,泰安村,1001404
village,10014040010,太平村,1001404
village,10014040011,利嘉村,1001404
village,10014040012,東興村,1001404
village,10014040013,溫泉村,1001404
village,10014100001,大竹村,1001410
village,10014100002,大鳥村,1001410
village,10014100003,大武村,1001410
village,10014100004,尚武村,1001410
village,10014100005,南興村,1001410
village,10014090001,美和村,1001409
village,10014090002,三和村,1001409
village,10014090003,華源村,1001409
village,10014090004,北里村,1001409
village,10014090005,泰和村,1001409
village,10014090006,大王村,1001409
village,10014090007,香蘭村,1001409
village,10014090008,金崙村,1001409
village,10014090009,多良村,1001409
village,10014070001,北源村,1001407
village,10014070002,泰源村,1001407
village,10014070003,東河村,1001407
village,10014070004,尚德村,1001407
village,10014070005,隆昌村,1001407
village,10014070006,興昌村,1001407
village,10014070007,都蘭村,1001407
village,10014080001,樟原村,1001408
village,10014080002,三間村,1001408
village,10014080003,忠勇村,1001408
village,10014080004,長濱村,1001408
village,10014080005,竹湖村,1001408
village,10014080006,寧埔村,1001408
village,10014050001,瑞和村,1001405
village,10014050002,瑞豐村,1001405
village,10014050003,瑞源村,1001405
village,10014050004,永安村,1001405
village,10014050005,瑞隆村,1001405
village,10014050006,鹿野村,1001405
village,10014050007,龍田村,1001405
village,10014060001,福文村,1001406
village,10014060002,慶豐村,1001406
village,10014060003,大坡村,1001406
village,10014060004,大埔村,1001406
village,10014060005,福原村,1001406
village,10014060006,錦園村,1001406
village,10014060007,新興村,1001406
village,10014060008,萬安村,1001406
village,10014060009,富興村,1001406
village,10014060010,振興村,1001406
village,10014110001,公舘村,1001411
village,10014110002,中寮村,1001411
village,10014110003,南寮村,1001411
village,10014130001,武陵村,1001413
village,10014130002,永康村,1001413
village,10014130003,紅葉村,1001413
village,10014130004,鸞山村,1001413
village,10014130005,桃源村,1001413
village,10014120001,廣原村,1001412
village,10014120002,霧鹿村,1001412
village,10014120003,利稻村,1001412
village,10014120004,海端村,1001412
village,10014120005,崁頂村,1001412
village,10014120006,加拿村,1001412
village,10014150001,台坂村,1001415
village,10014150002,土坂村,1001415
village,10014150003,新化村,1001415
village,10014150004,安朔村,1001415
village,10014150005,森永村,1001415
village,10014150006,南田村,1001415
village,10014140001,新興村,1001414
village,10014140002,正興村,1001414
village,10014140003,嘉蘭村,1001414
village,10014140004,賓茂村,1001414
village,10014140005,歷坵村,1001414
village,10014160001,東清村,1001416
village,10014160002,朗島村,1001416
village,10014160003,紅頭村,1001416
village,10014160004,椰油村,1001416
village,09020030001,新市里,0902003
village,09020030002,山外里,0902003
village,09020030003,正義里,0902003
village,09020030004,料羅里,0902003
village,09020030005,瓊林里,0902003
village,09020030006,新湖里,0902003
village,09020030007,溪湖里,0902003
village,09020030008,蓮庵里,0902003
village,09020020001,汶沙里,0902002
village,09020020002,三山里,0902002
village,09020020003,大洋里,0902002
village,09020020004,光前里,0902002
village,09020020005,何斗里,0902002
village,09020020006,西園里,0902002
village,09020020007,官嶼里,0902002
village,09020020008,浦山里,0902002
village,09020020I01,,0902002
village,09020010001,東門里,0902001
village,09020010002,西門里,0902001
village,09020010003,南門里,0902001
village,09020010004,北門里,0902001
village,09020010005,古城里,0902001
village,09020010006,金水里,0902001
village,09020010007,珠沙里,0902001
village,09020010008,賢庵里,0902001
village,09020010I01,,0902001
village,09020040001,古寧村,0902004
village,09020040002,安美村,0902004
village,09020040003,后盤村,0902004
village,09020040004,湖埔村,0902004
village,09020040005,榜林村,0902004
village,09020040006,盤山村,0902004
village,09020050001,上岐村,0902005
village,09020050002,上林村,0902005
village,09020050003,西口村,0902005
village,09020050004,林湖村,0902005
village,09020050005,黃埔村,0902005
village,09020050I01,,0902005
village,09020050I02,,0902005
village,09020050I03,,0902005
village,09020050I04,,0902005
village,09020050I05,,0902005
village,09020050I06,,0902005
village,09020050I07,,0902005
village,09020060001,大坵村,0902006
village,09020060002,小坵村,0902006
village,10016010002,復興里,1001601
village,10016010003,長安里,1001601
village,10016010004,中央里,1001601
village,10016010005,啟明里,1001601
village,10016010006,重慶里,1001601
village,10016010007,中興里,1001601
village,10016010008,光復里,1001601
village,10016010009,光榮里,1001601
village,10016010010,光明里,1001601
village,10016010011,朝陽里,1001601
village,10016010012,陽明里,1001601
village,10016010013,重光里,1001601
village,10016010014,西衛里,1001601
village,10016010015,西文里,1001601
village,10016010016,東文里,1001601
village,10016010017,案山里,1001601
village,10016010018,光華里,1001601
village,10016010019,前寮里,1001601
village,10016010020,石泉里,1001601
village,10016010021,菜園里,1001601
village,10016010022,東衛里,1001601
village,10016010023,安宅里,1001601
village,10016010024,烏崁里,1001601
village,10016010025,興仁里,1001601
village,10016010026,鐵線里,1001601
village,10016010027,山水里,1001601
village,10016010028,鎖港里,1001601
village,10016010029,五德里,1001601
village,10016010030,井垵里,1001601
village,10016010031,[嵵]裡里,1001601
village,10016010032,風櫃里,1001601
village,10016010033,虎井里,1001601
village,10016010034,桶盤里,1001601
village,10016020001,湖西村,1001602
village,10016020002,湖東村,1001602
village,10016020003,青螺村,1001602
village,10016020004,白坑村,1001602
village,10016020005,南寮村,1001602
village,10016020006,北寮村,1001602
village,10016020007,紅羅村,1001602
village,10016020008,西溪村,1001602
village,10016020009,成功村,1001602
village,10016020010,東石村,1001602
village,10016020011,中西村,1001602
village,10016020012,潭邊村,1001602
village,10016020013,鼎灣村,1001602
village,10016020014,許家村,1001602
village,10016020015,沙港村,1001602
village,10016020016,城北村,1001602
village,10016020017,太武村,1001602
village,10016020018,隘門村,1001602
village,10016020019,林投村,1001602
village,10016020020,尖山村,1001602
village,10016020021,龍門村,1001602
village,10016020022,菓葉村,1001602
village,10016020S01,,1001602
village,10016020S02,,1001602
village,10016020S03,,1001602
village,10016020S04,,1001602
village,10016020S05,,1001602
village,10016020S06,,1001602
village,10016020S07,,1001602
village,10016020S08,,1001602
village,10016030001,中屯村,1001603
village,10016030002,講美村,1001603
village,10016030003,城前村,1001603
village,10016030004,鎮海村,1001603
village,10016030005,港子村,1001603
village,10016030006,岐頭村,1001603
village,10016030007,小赤村,1001603
village,10016030008,赤崁村,1001603
village,10016030009,瓦硐村,1001603
village,10016030010,後寮村,1001603
village,10016030011,通梁村,1001603
village,10016030012,吉貝村,1001603
village,10016030013,鳥嶼村,1001603
village,10016030014,員貝村,1001603
village,10016030015,大倉村,1001603
village,10016030S01,,1001603
village,10016040001,橫礁村,1001604
village,10016040002,合界村,1001604
village,10016040003,小門村,1001604
village,10016040004,竹灣村,1001604
village,10016040005,大池村,1001604
village,10016040006,二崁村,1001604
village,10016040007,池東村,1001604
village,10016040008,池西村,1001604
village,10016040009,赤馬村,1001604
village,10016040010,內垵村,1001604
village,10016040011,外垵村,1001604
village,10016050001,東安村,1001605
village,10016050002,西安村,1001605
village,10016050003,中社村,1001605
village,10016050004,水垵村,1001605
village,10016050005,將軍村,1001605
village,10016050006,東坪村,1001605
village,10016050007,西坪村,1001605
village,10016050008,東吉村,1001605
village,10016050009,花嶼村,1001605
village,10016050S01,,1001605
village,10016060001,東湖村,1001606
village,10016060002,西湖村,1001606
village,10016060003,中和村,1001606
village,10016060004,平和村,1001606
village,10016060005,海豐村,1001606
village,10016060006,南港村,1001606
village,09007010001,介壽村,0900701
village,09007010002,復興村,0900701
village,09007010003,福沃村,0900701
village,09007010004,清水村,0900701
village,09007010005,仁愛村,0900701
village,09007010006,津沙村,0900701
village,09007010007,馬祖村,0900701
village,09007010008,珠螺村,0900701
village,09007010009,四維村,0900701
village,09007010S01,,0900701
village,09007010S02,,0900701
village,09007010S03,,0900701
village,09007010S04,,0900701
village,09007010S05,,0900701
village,09007010S06,,0900701
village,09007010S07,,0900701
village,09007010S08,,0900701
village,09007010S09,,0900701
village,09007010S10,,0900701
village,09007010S11,,0900701
village,09007010S12,,0900701
village,09007010S13,,0900701
village,09007010S14,,0900701
village,09007010S15,,0900701
village,09007010S16,,0900701
village,09007010S17,,0900701
village,09007010S18,,0900701
village,09007010S19,,0900701
village,09007010S20,,0900701
village,09007010S21,,0900701
village,09007010S22,,0900701
village,09007010S23,,0900701
village,09007010S24,,0900701
village,09007010S25,,0900701
village,09007010S26,,0900701
village,09007010S27,,0900701
village,09007010S28,,0900701
village,09007010S29,,0900701
village,09007010S30,,0900701
village,09007010S31,,0900701
village,09007010S32,,0900701
village,09007010S33,,0900701
village,09007010S34,,0900701
village,09007010S35,,0900701
village,09007010S36,,0900701
village,09007010S37,,0900701
village,09007010S38,,0900701
village,09007010S39,,0900701
village,09007020001,塘岐村,0900702
village,09007020002,后沃村,0900702
village,09007020003,橋仔村,0900702
village,09007020004,芹壁村,0900702
village,09007020005,坂里村,0900702
village,09007020006,白沙村,0900702
village,09007020S01,,0900702
village,09007020S02,,0900702
village,09007020S03,,0900702
village,09007020S04,,0900702
village,09007020S05,,0900702
village,09007020S06,,0900702
village,09007020S07,,0900702
village,09007020S08,,0900702
village,09007020S09,,0900702
village,09007020S10,,0900702
village,09007020S11,,0900702
village,09007020S12,,0900702
village,09007020S13,,0900702
village,09007020S14,,0900702
village,09007020S15,,0900702
village,09007020S16,,0900702
village,09007020S17,,0900702
village,09007020S18,,0900702
village,09007020S19,,0900702
village,09007020S20,,0900702
village,09007020S21,,0900702
village,09007020S22,,0900702
village,09007020S23,,0900702
village,09007020S24,,0900702
village,09007020S25,,0900702
village,09007020S26,,0900702
village,09007020S27,,0900702
village,09007020S28,,0900702
village,09007020S29,,0900702
village,09007020S30,,0900702
village,09007020S31,,0900702
village,09007020S32,,0900702
village,09007020S33,,0900702
village,09007020S34,,0900702
village,09007020S35,,0900702
village,09007020S36,,0900702
village,09007020S37,,0900702
village,09007020S38,,0900702
village,09007020S39,,0900702
village,09007020S40,,0900702
village,09007020S41,,0900702
village,09007020S42,,0900702
village,09007020S43,,0900702
village,09007020S44,,0900702
village,09007030001,青帆村,0900703
village,09007030002,田沃村,0900703
village,09007030003,西坵村,0900703
village,09007030004,福正村,0900703
village,09007030005,大坪村,0900703
village,09007030S01,,0900703
village,09007030S02,,0900703
village,09007030S03,,0900703
village,09007030S04,,0900703
village,09007030S05,,0900703
village,09007030S06,,0900703
village,09007030S07,,0900703
village,09007030S08,,0900703
village,09007030S09,,0900703
village,09007030S10,,0900703
village,09007030S11,,0900703
village,09007030S12,,0900703
village,09007030S13,,0900703
village,09007030S14,,0900703
village,09007030S15,,0900703
village,09007030S16,,0900703
village,09007030S17,,0900703
village,09007030S18,,0900703
village,09007030S19,,0900703
village,09007030S20,,0900703
village,09007030S21,,0900703
village,09007030S22,,0900703
village,09007030S23,,0900703
village,09007030S24,,0900703
village,09007030S25,,0900703
village,09007030S26,,0900703
village,09007030S27,,0900703
village,09007030S28,,0900703
village,09007030S29,,0900703
village,09007030S30,,0900703
village,09007030S31,,0900703
village,09007030S32,,0900703
village,09007030S33,,0900703
village,09007030S34,,0900703
village,09007030S35,,0900703
village,09007030S36,,0900703
village,09007030S37,,0900703
village,09007030S38,,0900703
village,09007030S39,,0900703
village,09007030S40,,0900703
village,09007030S41,,0900703
village,09007040001,中柳村,0900704
village,09007040002,樂華村,0900704
village,09007040S01,,0900704
village,09007040S02,,0900704
village,09007040S03,,0900704
village,09007040S04,,0900704
village,09007040S13,,0900704
village,09007040S14,,0900704
village,09007040S15,,0900704
village,09007040S16,,0900704
village,09007040S17,,0900704
village,09007040S18,,0900704
